hex_id;Geocodigo_Setor;Distrito;Intersect_Area
101x240;355030862000001;PINHEIROS;10847683972044.205
101x241;355030862000001;PINHEIROS;106716387378366.9
102x240;355030862000001;PINHEIROS;4229346761442.7754
101x241;355030862000002;PINHEIROS;4821896501968.7705
102x240;355030862000002;PINHEIROS;105066820299678.66
102x241;355030862000002;PINHEIROS;1162115966367.238
103x241;355030862000002;PINHEIROS;4499148324.0552635
102x240;355030862000003;PINHEIROS;19852146011219.207
103x239;355030862000003;PINHEIROS;246557827636.71512
103x240;355030862000003;PINHEIROS;109123353769503.08
102x240;355030862000004;PINHEIROS;5153520187245.853
103x240;355030862000004;PINHEIROS;3901476611581.4355
103x241;355030862000004;PINHEIROS;522129123300.41846
101x240;355030862000005;PINHEIROS;5929987256789.422
102x238;355030862000005;PINHEIROS;125411606266.436
102x239;355030862000005;PINHEIROS;36089592618900.83
102x240;355030862000005;PINHEIROS;76749305018375.97
103x239;355030862000005;PINHEIROS;59523112269576.67
103x240;355030862000005;PINHEIROS;4107357984870.6484
101x239;355030862000006;PINHEIROS;30152302225776.62
101x240;355030862000006;PINHEIROS;22516199354845.996
102x238;355030862000006;PINHEIROS;1087677145110.0314
102x239;355030862000006;PINHEIROS;101807178851022.47
100x240;355030862000007;PINHEIROS;57758276554633.58
100x241;355030862000007;PINHEIROS;99466656920764.72
101x240;355030862000007;PINHEIROS;157910777917640.2
101x241;355030862000007;PINHEIROS;120734006317067.58
100x241;355030862000008;PINHEIROS;46359129733598.44
101x241;355030862000008;PINHEIROS;42695850117105.695
101x242;355030862000008;PINHEIROS;111365365095194.66
102x241;355030862000008;PINHEIROS;97273440654907.52
101x242;355030862000009;PINHEIROS;16543532106579.686
102x241;355030862000009;PINHEIROS;85769151393361.9
102x242;355030862000009;PINHEIROS;260590567027452.34
103x242;355030862000009;PINHEIROS;62780199017794.234
102x240;355030862000010;PINHEIROS;1511844246027.6624
102x241;355030862000010;PINHEIROS;83752309680629.84
103x241;355030862000010;PINHEIROS;29738731473719.16
103x242;355030862000010;PINHEIROS;74896954873246.05
104x241;355030862000010;PINHEIROS;195429187916518.88
104x242;355030862000010;PINHEIROS;250229390600952.1
105x242;355030862000010;PINHEIROS;176104250121285.38
105x243;355030862000010;PINHEIROS;89791458666098.28
106x242;355030862000010;PINHEIROS;26724421364800.664
104x240;355030862000011;PINHEIROS;14809047940260.594
104x241;355030862000011;PINHEIROS;22780617897106.875
105x241;355030862000011;PINHEIROS;29708891125912.785
103x241;355030862000012;PINHEIROS;55244169717732.39
104x240;355030862000012;PINHEIROS;48118421787984.75
104x241;355030862000012;PINHEIROS;4708597325600.978
103x240;355030862000013;PINHEIROS;90290328647730.88
103x241;355030862000013;PINHEIROS;89444558448925.3
104x240;355030862000013;PINHEIROS;23499532256787.375
103x240;355030862000014;PINHEIROS;37589963000812.26
103x241;355030862000014;PINHEIROS;2550644197253.714
103x240;355030862000015;PINHEIROS;8996980361506.957
104x238;355030862000015;PINHEIROS;1894346256459.1426
104x239;355030862000015;PINHEIROS;119649827446657.19
104x240;355030862000015;PINHEIROS;2015298675693.8704
103x239;355030862000016;PINHEIROS;128354299518584.62
103x240;355030862000016;PINHEIROS;9934164152133.441
104x238;355030862000016;PINHEIROS;11461298401748.152
104x239;355030862000016;PINHEIROS;25670401548778.68
101x238;355030862000017;PINHEIROS;1766383712544.2827
102x237;355030862000017;PINHEIROS;62896380786054.67
102x238;355030862000017;PINHEIROS;145893667982912.2
103x238;355030862000017;PINHEIROS;31390545689078.93
103x239;355030862000017;PINHEIROS;1532233746355.9739
100x239;355030862000018;PINHEIROS;5871224995948.344
101x239;355030862000018;PINHEIROS;132041978799013.3
101x240;355030862000018;PINHEIROS;12990947821775.312
102x238;355030862000018;PINHEIROS;203074548910.69553
99x241;355030862000019;PINHEIROS;2832694425387.4653
100x239;355030862000019;PINHEIROS;34539044577725.65
100x240;355030862000019;PINHEIROS;120088845547125.64
100x241;355030862000019;PINHEIROS;7431547243657.368
101x240;355030862000019;PINHEIROS;88526922671350.42
99x238;355030862000020;PINHEIROS;51712165857108.57
99x239;355030862000020;PINHEIROS;39014601108163.21
99x240;355030862000020;PINHEIROS;62169290066540.57
100x238;355030862000020;PINHEIROS;21852226543003.098
100x239;355030862000020;PINHEIROS;52269196973880.84
100x240;355030862000020;PINHEIROS;100156111231385.89
98x237;355030862000021;PINHEIROS;1200085428215.3882
98x238;355030862000021;PINHEIROS;40653799909175.234
98x239;355030862000021;PINHEIROS;27484834861617.02
98x240;355030862000021;PINHEIROS;11874382577629.238
98x241;355030862000021;PINHEIROS;23232537302543.453
99x238;355030862000021;PINHEIROS;9667991671907.357
99x239;355030862000021;PINHEIROS;55898911039827.89
99x240;355030862000021;PINHEIROS;202914719289168.1
99x241;355030862000021;PINHEIROS;221807593633382.44
100x240;355030862000021;PINHEIROS;1195441117330.9153
97x243;355030862000022;PINHEIROS;59615696400594.586
98x241;355030862000022;PINHEIROS;94765718219782.86
98x242;355030862000022;PINHEIROS;186721911780389.56
98x243;355030862000022;PINHEIROS;95213238883513.73
99x241;355030862000022;PINHEIROS;22893711914466.18
99x242;355030862000022;PINHEIROS;47254096906671.94
99x243;355030862000022;PINHEIROS;78728425777945.78
100x240;355030862000022;PINHEIROS;3990946084314.211
100x241;355030862000022;PINHEIROS;112549159688194.11
100x242;355030862000022;PINHEIROS;141741053096849.8
99x243;355030862000024;PINHEIROS;18973035271605.152
99x244;355030862000024;PINHEIROS;32274106662003.445
100x243;355030862000024;PINHEIROS;2262909163341.6543
100x242;355030862000025;PINHEIROS;3868689088854.501
100x243;355030862000025;PINHEIROS;38061380957549.59
100x244;355030862000025;PINHEIROS;14949074474450.102
101x243;355030862000025;PINHEIROS;30119433818192.387
101x244;355030862000025;PINHEIROS;104225657316424.64
101x242;355030862000026;PINHEIROS;55297858857970.57
101x243;355030862000026;PINHEIROS;210209296733840.06
101x244;355030862000026;PINHEIROS;3009868011376.4307
102x242;355030862000026;PINHEIROS;43965525059836.76
102x243;355030862000026;PINHEIROS;95776483560140.73
102x242;355030862000027;PINHEIROS;15887241055158.934
102x243;355030862000027;PINHEIROS;75250605724450.36
102x244;355030862000027;PINHEIROS;11018027727208.79
103x242;355030862000027;PINHEIROS;67416119371618.26
103x243;355030862000027;PINHEIROS;116508136929294.7
103x244;355030862000027;PINHEIROS;111886297451427.4
104x242;355030862000027;PINHEIROS;562118675186.7102
103x243;355030862000028;PINHEIROS;107195629043614.12
104x242;355030862000028;PINHEIROS;46730208693001.03
104x243;355030862000028;PINHEIROS;124567038134520.77
105x243;355030862000028;PINHEIROS;26592207789477.258
105x244;355030862000028;PINHEIROS;15774473052.20658
104x241;355030862000029;PINHEIROS;402165718771.70374
105x241;355030862000029;PINHEIROS;64066966155065.9
105x242;355030862000029;PINHEIROS;14863981788187.559
105x240;355030862000030;PINHEIROS;94740195131297.6
105x241;355030862000030;PINHEIROS;78828519247904.56
106x239;355030862000030;PINHEIROS;4548851645275.789
106x240;355030862000030;PINHEIROS;4267626945031.0103
105x240;355030862000031;PINHEIROS;15195978847527.61
106x239;355030862000031;PINHEIROS;11823386522463.271
106x240;355030862000031;PINHEIROS;40116414209344.38
104x240;355030862000032;PINHEIROS;7226433003323.213
105x240;355030862000032;PINHEIROS;71699183238839.02
105x241;355030862000032;PINHEIROS;7019407929006.806
104x240;355030862000033;PINHEIROS;6722339167324.342
105x239;355030862000033;PINHEIROS;1979496965240.6401
105x240;355030862000033;PINHEIROS;90350311736898.6
104x239;355030862000034;PINHEIROS;24224685266550.105
104x240;355030862000034;PINHEIROS;12802972197682.9
105x239;355030862000034;PINHEIROS;32183394495195.9
105x240;355030862000034;PINHEIROS;16476338808967.719
104x239;355030862000035;PINHEIROS;14649303165970.318
104x240;355030862000035;PINHEIROS;772883954560.3081
104x238;355030862000036;PINHEIROS;104752078227433.28
104x239;355030862000036;PINHEIROS;4705331268659.528
105x238;355030862000036;PINHEIROS;37711216350118.22
105x239;355030862000036;PINHEIROS;42614420880359.414
104x237;355030862000037;PINHEIROS;11198781225632.605
104x238;355030862000037;PINHEIROS;100037828937821.14
105x238;355030862000037;PINHEIROS;146036515936.8745
103x237;355030862000038;PINHEIROS;64592125143339.49
103x238;355030862000038;PINHEIROS;16304435619311.258
104x236;355030862000038;PINHEIROS;87052165693.36809
104x237;355030862000038;PINHEIROS;155189561976828.16
104x238;355030862000038;PINHEIROS;1374204984959.4143
105x237;355030862000038;PINHEIROS;50575429692.40763
105x238;355030862000038;PINHEIROS;130749299370187.78
102x237;355030862000039;PINHEIROS;110221802356926.58
103x237;355030862000039;PINHEIROS;3103091483415.2505
103x238;355030862000039;PINHEIROS;173117816538587.1
101x237;355030862000040;PINHEIROS;1369630098946.9773
101x238;355030862000040;PINHEIROS;61970754177967.805
101x239;355030862000040;PINHEIROS;7040466561580.947
102x237;355030862000040;PINHEIROS;55940056696390.01
99x237;355030862000041;PINHEIROS;1064413147864.1698
99x238;355030862000041;PINHEIROS;293157144649.431
100x237;355030862000041;PINHEIROS;203124842680096.5
100x238;355030862000041;PINHEIROS;4653589265383.356
101x237;355030862000041;PINHEIROS;18765973767981.906
101x238;355030862000041;PINHEIROS;133779464542576.33
98x237;355030862000042;PINHEIROS;41735393871948.086
99x237;355030862000042;PINHEIROS;7125855754663.086
99x238;355030862000042;PINHEIROS;218871214248538.1
100x237;355030862000042;PINHEIROS;44559936832728.69
100x238;355030862000042;PINHEIROS;254676207162249.7
100x239;355030862000042;PINHEIROS;77778802469515.1
101x238;355030862000042;PINHEIROS;24133013994917.023
101x239;355030862000042;PINHEIROS;28485286337011.246
97x237;355030862000043;PINHEIROS;7389531556181.171
97x238;355030862000043;PINHEIROS;89097065406952.83
98x237;355030862000043;PINHEIROS;210879184329470.03
98x238;355030862000043;PINHEIROS;13585499222680.836
99x238;355030862000043;PINHEIROS;258741985694.42767
98x239;355030862000045;PINHEIROS;35852482739059.1
98x240;355030862000045;PINHEIROS;64420467393244.48
98x241;355030862000045;PINHEIROS;4425999494869.724
96x241;355030862000046;PINHEIROS;32936433538710.754
97x241;355030862000046;PINHEIROS;32829282597618.04
97x242;355030862000046;PINHEIROS;31389163517094.66
97x243;355030862000046;PINHEIROS;22207543381111.223
98x240;355030862000046;PINHEIROS;38100069732323.15
98x241;355030862000046;PINHEIROS;132724483527186.44
98x242;355030862000046;PINHEIROS;13286223931435.914
98x243;355030862000047;PINHEIROS;99211035548218
98x244;355030862000048;PINHEIROS;2321158173444.1436
99x244;355030862000048;PINHEIROS;94306164976579.47
99x245;355030862000048;PINHEIROS;19267190721619.21
99x246;355030862000048;PINHEIROS;5104037782639.746
100x243;355030862000048;PINHEIROS;20273348521505.58
100x244;355030862000048;PINHEIROS;26976483879780.42
99x245;355030862000049;PINHEIROS;6959870399714.066
100x244;355030862000049;PINHEIROS;230526120944786.3
100x245;355030862000049;PINHEIROS;72118830933686.2
101x244;355030862000049;PINHEIROS;4718936095981.539
101x245;355030862000049;PINHEIROS;66657396561059.914
100x244;355030862000050;PINHEIROS;46014036248.957664
101x244;355030862000050;PINHEIROS;135585523504968.86
101x245;355030862000050;PINHEIROS;13406269708997.219
102x243;355030862000050;PINHEIROS;11252491835974.723
101x245;355030862000051;PINHEIROS;37994993650312.04
102x243;355030862000051;PINHEIROS;20671426267955.75
102x244;355030862000051;PINHEIROS;63712894000466.2
102x244;355030862000052;PINHEIROS;113506045368485.47
103x244;355030862000052;PINHEIROS;19084761876752.434
103x245;355030862000052;PINHEIROS;57339362436205.914
102x243;355030862000053;PINHEIROS;96703450305.80734
103x243;355030862000053;PINHEIROS;13160552326077.92
103x244;355030862000053;PINHEIROS;91941954345153.3
103x245;355030862000053;PINHEIROS;42459264008892.27
103x246;355030862000053;PINHEIROS;123342223177918.36
103x247;355030862000053;PINHEIROS;1424159654334.7666
104x244;355030862000053;PINHEIROS;25709240836108.2
104x245;355030862000053;PINHEIROS;53450828963574.68
103x243;355030862000054;PINHEIROS;4725403845453.003
103x244;355030862000054;PINHEIROS;41102523439557.055
103x245;355030862000054;PINHEIROS;36633449072049.67
104x243;355030862000054;PINHEIROS;33143550181949.4
104x244;355030862000054;PINHEIROS;49333793153853.914
104x243;355030862000055;PINHEIROS;77672305979055
104x244;355030862000055;PINHEIROS;12548802548902.873
105x243;355030862000055;PINHEIROS;71426207422944.42
105x244;355030862000055;PINHEIROS;203457921791901.06
106x243;355030862000055;PINHEIROS;470429871827.34796
105x241;355030862000056;PINHEIROS;7272133680178.067
105x242;355030862000056;PINHEIROS;68687286203144.87
106x241;355030862000056;PINHEIROS;22909705241341.84
106x240;355030862000057;PINHEIROS;10878633829117.457
106x241;355030862000057;PINHEIROS;3348009971278.0405
105x241;355030862000058;PINHEIROS;10609653052912.482
106x240;355030862000058;PINHEIROS;15394395116024.56
106x239;355030862000059;PINHEIROS;18225610487703.902
106x240;355030862000059;PINHEIROS;34610446092378.992
107x239;355030862000059;PINHEIROS;31173223536374.91
107x240;355030862000059;PINHEIROS;19814971261242.387
106x239;355030862000060;PINHEIROS;14320696390734.908
106x240;355030862000060;PINHEIROS;4752500469.15692
107x239;355030862000060;PINHEIROS;97441110872138.3
107x240;355030862000060;PINHEIROS;318353015982.34576
106x238;355030862000061;PINHEIROS;217581907429.07556
106x239;355030862000061;PINHEIROS;99048120298003.16
106x240;355030862000061;PINHEIROS;3306015914.176065
107x239;355030862000061;PINHEIROS;21602860932294.074
105x240;355030862000062;PINHEIROS;86476181340.99396
106x238;355030862000062;PINHEIROS;383837543784.43774
106x239;355030862000062;PINHEIROS;40581565759658.1
106x240;355030862000062;PINHEIROS;12411333578.56328
105x239;355030862000063;PINHEIROS;90953848171518.95
105x240;355030862000063;PINHEIROS;7101404475616.521
106x238;355030862000063;PINHEIROS;42346598801150.52
106x239;355030862000063;PINHEIROS;32456173974725.594
105x238;355030862000064;PINHEIROS;719267859609.2012
105x239;355030862000064;PINHEIROS;56892291634046.914
106x237;355030862000064;PINHEIROS;95722995278.00012
106x238;355030862000064;PINHEIROS;236293625324166.97
107x238;355030862000064;PINHEIROS;102704906609.49098
107x239;355030862000064;PINHEIROS;46760021678348.75
104x237;355030862000065;PINHEIROS;11346998842833.176
105x237;355030862000065;PINHEIROS;93845189442603.95
105x238;355030862000065;PINHEIROS;73202103912357.97
106x237;355030862000065;PINHEIROS;194146282378703.16
106x238;355030862000065;PINHEIROS;6462225790841.901
107x238;355030862000065;PINHEIROS;9848375935338.635
107x239;355030862000065;PINHEIROS;82745482817125.8
108x237;355030862000065;PINHEIROS;117130678374187.22
108x238;355030862000065;PINHEIROS;247246978472677.44
108x239;355030862000065;PINHEIROS;5528070255513.781
109x239;355030862000065;PINHEIROS;13864937377.464565
102x236;355030862000066;PINHEIROS;19457988685076.68
103x236;355030862000066;PINHEIROS;211919454909673.03
103x237;355030862000066;PINHEIROS;731074789146.5546
104x235;355030862000066;PINHEIROS;131339405475932.78
104x236;355030862000066;PINHEIROS;128966649426188.33
104x237;355030862000066;PINHEIROS;60015102205270.55
105x236;355030862000066;PINHEIROS;246764524976939.8
105x237;355030862000066;PINHEIROS;86890736136178.11
106x236;355030862000066;PINHEIROS;3759076978374.8755
102x236;355030862000067;PINHEIROS;46596210867358.75
102x237;355030862000067;PINHEIROS;59068210245639.6
103x236;355030862000067;PINHEIROS;43291528901.24546
103x237;355030862000067;PINHEIROS;107760573986100.5
101x236;355030862000068;PINHEIROS;119630914788301.16
101x237;355030862000068;PINHEIROS;66462346478401.234
102x235;355030862000068;PINHEIROS;51430704658.52912
102x236;355030862000068;PINHEIROS;94929173949527.39
102x237;355030862000068;PINHEIROS;17651345602281.094
98x235;355030862000069;PINHEIROS;11101260955036.668
98x236;355030862000069;PINHEIROS;3939081089682.4043
98x237;355030862000069;PINHEIROS;20652724718895.184
99x235;355030862000069;PINHEIROS;19220868399925.824
99x236;355030862000069;PINHEIROS;142825877475030.3
99x237;355030862000069;PINHEIROS;276556719549563.94
100x236;355030862000069;PINHEIROS;38973312848122.516
100x237;355030862000069;PINHEIROS;59726957485040.6
97x236;355030862000070;PINHEIROS;13082925360690.154
97x237;355030862000070;PINHEIROS;8995225662492.826
98x235;355030862000070;PINHEIROS;93903636545132.08
98x236;355030862000070;PINHEIROS;144564174640732.4
98x237;355030862000070;PINHEIROS;84295939198574.97
99x236;355030862000070;PINHEIROS;26470368582739.8
99x237;355030862000070;PINHEIROS;8068296494440.577
94x236;355030862000071;PINHEIROS;1517004767163.9675
95x235;355030862000071;PINHEIROS;51808708849512.62
95x236;355030862000071;PINHEIROS;150156471389661.16
95x237;355030862000071;PINHEIROS;155224039162517.47
96x235;355030862000071;PINHEIROS;231363739975133.75
96x236;355030862000071;PINHEIROS;117133129482699.77
96x237;355030862000071;PINHEIROS;92220778789548.98
97x236;355030862000071;PINHEIROS;1569619361238.7432
94x236;355030862000072;PINHEIROS;7826357853645.175
94x237;355030862000072;PINHEIROS;83464217078316.36
94x238;355030862000072;PINHEIROS;157229710853784.28
95x237;355030862000072;PINHEIROS;116272561095487.48
95x238;355030862000072;PINHEIROS;147935125663202.88
95x239;355030862000072;PINHEIROS;108820553108260.2
96x237;355030862000072;PINHEIROS;70521189461167.11
96x238;355030862000072;PINHEIROS;192603045627557.34
96x237;355030862000073;PINHEIROS;178719350095980.7
96x238;355030862000073;PINHEIROS;11364225564644.662
97x237;355030862000073;PINHEIROS;3927494866673.7065
97x238;355030862000073;PINHEIROS;58275502931688.695
97x239;355030862000073;PINHEIROS;24378459736725.668
98x237;355030862000073;PINHEIROS;15978280852352.277
98x238;355030862000073;PINHEIROS;58636743258440.38
97x239;355030862000074;PINHEIROS;58857242591635.02
97x240;355030862000074;PINHEIROS;115436369103180.75
97x241;355030862000074;PINHEIROS;28891706993622.434
98x238;355030862000074;PINHEIROS;30460913626341.176
98x239;355030862000074;PINHEIROS;72593069470362.73
98x240;355030862000074;PINHEIROS;8247580375270.699
96x239;355030862000075;PINHEIROS;32171929247059.28
96x240;355030862000075;PINHEIROS;4028837792524.5195
96x241;355030862000075;PINHEIROS;2415007398317.0728
97x239;355030862000075;PINHEIROS;90585401615028.38
97x240;355030862000075;PINHEIROS;69649823615683.22
97x241;355030862000075;PINHEIROS;108115073836655.2
97x239;355030862000076;PINHEIROS;8964895156215.045
97x240;355030862000076;PINHEIROS;41394262097861.51
97x241;355030862000076;PINHEIROS;22564128710957.855
96x240;355030862000077;PINHEIROS;82498723705591.44
96x241;355030862000077;PINHEIROS;105991912567026.19
97x240;355030862000077;PINHEIROS;35249068421000.09
97x241;355030862000077;PINHEIROS;11136896529187.521
97x242;355030862000077;PINHEIROS;383770623343.5961
98x244;355030862000078;PINHEIROS;119606132791733.23
99x244;355030862000078;PINHEIROS;26911491584352.527
99x245;355030862000078;PINHEIROS;50337366110038.53
100x245;355030862000079;PINHEIROS;14765174247922.521
101x245;355030862000079;PINHEIROS;68372363940221.2
101x246;355030862000079;PINHEIROS;19136083220546.195
101x245;355030862000080;PINHEIROS;28045078504628.62
101x246;355030862000080;PINHEIROS;6534828796864.796
101x245;355030862000081;PINHEIROS;23491953625670.242
101x246;355030862000081;PINHEIROS;10089301499919.54
102x245;355030862000081;PINHEIROS;13653553958214.662
101x245;355030862000082;PINHEIROS;1084212339689.111
101x246;355030862000082;PINHEIROS;8752313083723.915
102x244;355030862000082;PINHEIROS;49762304919.98176
102x245;355030862000082;PINHEIROS;118680079259406.06
101x246;355030862000083;PINHEIROS;99328600733356.88
101x247;355030862000083;PINHEIROS;53607954167735.1
101x248;355030862000083;PINHEIROS;1343927032220.2224
102x246;355030862000083;PINHEIROS;21889635564273.793
101x246;355030862000084;PINHEIROS;12922871300202.84
101x247;355030862000084;PINHEIROS;22600797301034.336
102x244;355030862000084;PINHEIROS;1883858567498.5127
102x245;355030862000084;PINHEIROS;97839681690726.6
102x246;355030862000084;PINHEIROS;47822131863138.59
102x247;355030862000084;PINHEIROS;2685120989793.142
103x245;355030862000084;PINHEIROS;63999713256742.73
103x246;355030862000084;PINHEIROS;67476587902717.78
102x246;355030862000085;PINHEIROS;41656664172752.78
102x247;355030862000085;PINHEIROS;28243200617962.617
103x246;355030862000085;PINHEIROS;5691768176347.91
103x247;355030862000085;PINHEIROS;54620892828489.984
102x247;355030862000086;PINHEIROS;104337604526640.84
103x246;355030862000086;PINHEIROS;8529461164223.18
103x247;355030862000086;PINHEIROS;187791320606372.2
103x248;355030862000086;PINHEIROS;55816809183300.414
104x245;355030862000086;PINHEIROS;30892047825996.16
104x246;355030862000086;PINHEIROS;42959278985814.125
104x247;355030862000086;PINHEIROS;43295686120359.625
105x246;355030862000086;PINHEIROS;227724610118682.88
105x247;355030862000086;PINHEIROS;15280923455235.53
106x246;355030862000086;PINHEIROS;11550795308797.49
103x246;355030862000087;PINHEIROS;24820288649196.445
104x244;355030862000087;PINHEIROS;142621857877087.1
104x245;355030862000087;PINHEIROS;193167628906619.72
104x246;355030862000087;PINHEIROS;3683084564761.6313
105x244;355030862000087;PINHEIROS;39461742160813.63
105x245;355030862000087;PINHEIROS;124668979167966.53
106x244;355030862000087;PINHEIROS;2823737962302.4624
106x245;355030862000088;PINHEIROS;24987258537848.508
106x246;355030862000088;PINHEIROS;19594301312761.895
107x245;355030862000088;PINHEIROS;124433711187268.36
107x246;355030862000088;PINHEIROS;198698575806502.9
107x247;355030862000088;PINHEIROS;127382260048.90532
108x245;355030862000088;PINHEIROS;48085536834607.12
108x246;355030862000088;PINHEIROS;38788843715618.67
106x244;355030862000089;PINHEIROS;14552636904153.97
106x245;355030862000089;PINHEIROS;6131280376680.695
107x244;355030862000089;PINHEIROS;18615599014426.41
107x245;355030862000089;PINHEIROS;66508645276966.945
105x245;355030862000090;PINHEIROS;9194180549300.643
106x243;355030862000090;PINHEIROS;39337568890526.23
106x244;355030862000090;PINHEIROS;150811424179383.78
106x245;355030862000090;PINHEIROS;1044219086954.2123
107x244;355030862000090;PINHEIROS;9290986479730.326
105x244;355030862000091;PINHEIROS;10882077999175.617
106x243;355030862000091;PINHEIROS;94011897269283.36
106x244;355030862000091;PINHEIROS;2699937982072.1587
105x244;355030862000092;PINHEIROS;55341221462290.47
106x243;355030862000092;PINHEIROS;590908027158.2605
105x242;355030862000093;PINHEIROS;1662193679693.313
106x240;355030862000093;PINHEIROS;100076801104262.64
106x241;355030862000093;PINHEIROS;132289103100659.78
106x242;355030862000093;PINHEIROS;27877778864951.113
107x240;355030862000093;PINHEIROS;121349270127.20297
107x241;355030862000093;PINHEIROS;46262361648467.88
106x240;355030862000094;PINHEIROS;2274883851527.2944
107x239;355030862000094;PINHEIROS;78195709079257.31
107x240;355030862000094;PINHEIROS;144904497257152.94
107x241;355030862000094;PINHEIROS;149211339984.07797
108x238;355030862000094;PINHEIROS;3599727758.933234
108x239;355030862000094;PINHEIROS;67379368627649.414
105x237;355030862000095;PINHEIROS;252113549.73052695
106x236;355030862000095;PINHEIROS;18133083098211.227
106x237;355030862000095;PINHEIROS;50139463455721.83
107x236;355030862000095;PINHEIROS;48622577296878.664
107x237;355030862000095;PINHEIROS;212667709398754.5
107x238;355030862000095;PINHEIROS;33819501207515.594
108x237;355030862000095;PINHEIROS;2213850135163.436
106x235;355030862000096;PINHEIROS;64510608532039.47
106x236;355030862000096;PINHEIROS;93154026928421.9
107x235;355030862000096;PINHEIROS;12014039107937.781
107x236;355030862000096;PINHEIROS;91607953065210.8
107x237;355030862000096;PINHEIROS;53094150423983.04
108x236;355030862000096;PINHEIROS;32914048860866.617
108x237;355030862000096;PINHEIROS;30870880347740.066
103x235;355030862000097;PINHEIROS;34020447104326.445
103x236;355030862000097;PINHEIROS;39872545426494.12
104x234;355030862000097;PINHEIROS;194754308728232.3
104x235;355030862000097;PINHEIROS;102645460318247.4
105x234;355030862000097;PINHEIROS;19393498837161.64
105x235;355030862000097;PINHEIROS;35524090260017.21
102x233;355030862000098;PINHEIROS;13930718359063.02
103x232;355030862000098;PINHEIROS;677203332826.6205
103x233;355030862000098;PINHEIROS;203308727613578.56
103x234;355030862000098;PINHEIROS;113098258828224.22
104x232;355030862000098;PINHEIROS;10385583260145.787
104x233;355030862000098;PINHEIROS;71447894888336.8
104x234;355030862000098;PINHEIROS;14376952287991.236
105x233;355030862000098;PINHEIROS;224166235930725.66
105x234;355030862000098;PINHEIROS;249994044791992.34
106x233;355030862000098;PINHEIROS;3758733231469.6523
106x234;355030862000098;PINHEIROS;12092477829972.9
101x235;355030862000099;PINHEIROS;37475374886884.13
101x236;355030862000099;PINHEIROS;62219783643560.59
102x233;355030862000099;PINHEIROS;42593150803123.625
102x234;355030862000099;PINHEIROS;173155586124009.28
102x235;355030862000099;PINHEIROS;257360352293841.03
102x236;355030862000099;PINHEIROS;63550063953385.54
103x234;355030862000099;PINHEIROS;149844439052874.97
103x235;355030862000099;PINHEIROS;141319765664813.97
103x236;355030862000099;PINHEIROS;27236719889350.293
104x234;355030862000099;PINHEIROS;21409986805458.117
100x232;355030862000100;PINHEIROS;42229811148455.92
100x233;355030862000100;PINHEIROS;146971532145860.34
101x232;355030862000100;PINHEIROS;121508443191867.36
101x233;355030862000100;PINHEIROS;172765404954446.28
101x234;355030862000100;PINHEIROS;126113008727678.97
102x231;355030862000100;PINHEIROS;19639072045334.23
102x232;355030862000100;PINHEIROS;169464174143594.94
102x233;355030862000100;PINHEIROS;120206578351875.9
102x234;355030862000100;PINHEIROS;41925070505095.664
103x232;355030862000100;PINHEIROS;26529608211732.277
103x233;355030862000100;PINHEIROS;6792896292074.141
101x231;355030862000101;PINHEIROS;11946998520632.111
101x232;355030862000101;PINHEIROS;125926490687596.4
102x231;355030862000101;PINHEIROS;8414298904292.633
99x234;355030862000102;PINHEIROS;9312765361519.771
100x233;355030862000102;PINHEIROS;122595336010445.48
100x234;355030862000102;PINHEIROS;72348586134609.56
101x234;355030862000102;PINHEIROS;146203824106577.7
101x235;355030862000102;PINHEIROS;87863222257102.92
102x234;355030862000102;PINHEIROS;35158707243673.61
97x233;355030862000103;PINHEIROS;25532329084712.254
97x234;355030862000103;PINHEIROS;19027564430847.254
98x232;355030862000103;PINHEIROS;691466865779.4154
98x233;355030862000103;PINHEIROS;7864449057315.041
98x234;355030862000103;PINHEIROS;63857886190764.36
99x234;355030862000103;PINHEIROS;222881253377313.88
99x235;355030862000103;PINHEIROS;78381785579093.67
100x234;355030862000103;PINHEIROS;228365242294539.3
100x235;355030862000103;PINHEIROS;20205914782184.06
101x235;355030862000103;PINHEIROS;55076155470723.91
101x236;355030862000103;PINHEIROS;22948187845733.023
95x235;355030862000104;PINHEIROS;8375377528640.075
96x234;355030862000104;PINHEIROS;164438957028983.38
96x235;355030862000104;PINHEIROS;40931368474228.3
97x234;355030862000104;PINHEIROS;192613435365511.4
97x235;355030862000104;PINHEIROS;106997485787445.22
97x236;355030862000104;PINHEIROS;47049662016930.07
98x233;355030862000104;PINHEIROS;83187680097.91599
98x234;355030862000104;PINHEIROS;220418776916547.6
98x235;355030862000104;PINHEIROS;163814572133245.3
98x236;355030862000104;PINHEIROS;1251926563966.0244
99x234;355030862000104;PINHEIROS;109587709030.70903
99x235;355030862000104;PINHEIROS;69694805983856.766
98x244;355030862000105;PINHEIROS;4836792887332.132
98x245;355030862000105;PINHEIROS;46654741293044.84
99x244;355030862000105;PINHEIROS;81856125129.15385
99x245;355030862000105;PINHEIROS;15237401342092.664
99x246;355030862000105;PINHEIROS;99345512182741.22
99x247;355030862000105;PINHEIROS;480821173661.3206
99x247;355030862000106;PINHEIROS;133120331886914.06
100x246;355030862000106;PINHEIROS;3564947666628.067
100x247;355030862000106;PINHEIROS;83633869455435.67
99x246;355030862000107;PINHEIROS;27226869978331.816
100x245;355030862000107;PINHEIROS;79659778722201.88
100x246;355030862000107;PINHEIROS;49841551984693.13
100x246;355030862000108;PINHEIROS;22738682726188.234
100x247;355030862000108;PINHEIROS;2438924925891.4595
101x246;355030862000108;PINHEIROS;92665010809961.33
101x247;355030862000108;PINHEIROS;114987541837609.7
101x248;355030862000108;PINHEIROS;5431660496037.281
101x247;355030862000109;PINHEIROS;67289253930115.23
101x248;355030862000109;PINHEIROS;34478379013148.48
102x246;355030862000109;PINHEIROS;4325404155237.701
102x247;355030862000109;PINHEIROS;50283615749060.59
106x232;355030862000110;PINHEIROS;7508789395630.91
106x233;355030862000110;PINHEIROS;40098472808394.75
106x234;355030862000110;PINHEIROS;6943527699800.188
107x232;355030862000110;PINHEIROS;2777441817317.294
107x233;355030862000110;PINHEIROS;150969788359446.28
107x234;355030862000110;PINHEIROS;253336816949711.94
107x235;355030862000110;PINHEIROS;226871240007752.94
108x233;355030862000110;PINHEIROS;76747925077881
108x234;355030862000110;PINHEIROS;154635072965245.44
108x235;355030862000110;PINHEIROS;98038190984242.38
109x234;355030862000110;PINHEIROS;896049232981.7108
109x235;355030862000110;PINHEIROS;58014759499917.85
109x236;355030862000110;PINHEIROS;57280726275639.39
110x235;355030862000110;PINHEIROS;2499085217650.8765
110x233;355030862000111;PINHEIROS;50854566927471.07
110x234;355030862000111;PINHEIROS;59557192732012.98
111x233;355030862000111;PINHEIROS;139730464912404.5
111x234;355030862000111;PINHEIROS;60273236112997.68
112x232;355030862000111;PINHEIROS;5407050105557.901
108x231;355030862000112;PINHEIROS;40511517529229.51
108x232;355030862000112;PINHEIROS;5286568147169.285
108x233;355030862000112;PINHEIROS;110260571049778.27
109x232;355030862000112;PINHEIROS;19428162769885.652
109x233;355030862000112;PINHEIROS;189353736214974.66
109x234;355030862000112;PINHEIROS;254491199635792.62
109x235;355030862000112;PINHEIROS;57444702233868.4
110x232;355030862000112;PINHEIROS;182628644257562.72
110x233;355030862000112;PINHEIROS;133321299234766.2
110x234;355030862000112;PINHEIROS;91793349328226.2
110x235;355030862000112;PINHEIROS;890804760785.291
111x233;355030862000112;PINHEIROS;19672456994819.875
105x231;355030862000113;PINHEIROS;103361690671117.34
106x230;355030862000113;PINHEIROS;106380378337412.38
106x231;355030862000113;PINHEIROS;93375606684148.52
106x232;355030862000113;PINHEIROS;3595474759934.503
107x231;355030862000113;PINHEIROS;197542795075905.06
107x232;355030862000113;PINHEIROS;75993432719433.73
107x233;355030862000113;PINHEIROS;23301084138603.492
108x230;355030862000113;PINHEIROS;3797971392833.3955
108x231;355030862000113;PINHEIROS;198487010921005.66
108x232;355030862000113;PINHEIROS;262912833188505.78
108x233;355030862000113;PINHEIROS;52158211923777.68
109x232;355030862000113;PINHEIROS;23269770975431.387
109x233;355030862000113;PINHEIROS;7599800630479.221
104x230;355030862000114;PINHEIROS;67825856720210.06
104x231;355030862000114;PINHEIROS;44617879763918.02
104x232;355030862000114;PINHEIROS;3505253160526.455
105x231;355030862000114;PINHEIROS;108173603020620.61
105x232;355030862000114;PINHEIROS;4998556802513.418
105x233;355030862000114;PINHEIROS;24869287747102.4
106x231;355030862000114;PINHEIROS;106815039688224.92
106x232;355030862000114;PINHEIROS;260267399813443.34
106x233;355030862000114;PINHEIROS;46277253193981.625
106x234;355030862000114;PINHEIROS;12906237713290.314
107x232;355030862000114;PINHEIROS;2930718057660.7944
103x230;355030862000115;PINHEIROS;53982701020742.664
104x230;355030862000115;PINHEIROS;15998272373899.896
104x231;355030862000115;PINHEIROS;14089942714303.148
103x231;355030862000116;PINHEIROS;114117604984557.8
104x230;355030862000116;PINHEIROS;10155993065440.264
104x231;355030862000116;PINHEIROS;10295277219506.229
103x230;355030862000117;PINHEIROS;97534549594808.39
103x231;355030862000117;PINHEIROS;2933552269227.5737
104x230;355030862000117;PINHEIROS;627532510654.9597
100x229;355030862000118;PINHEIROS;21351419336099.125
100x230;355030862000118;PINHEIROS;15042580992793.582
100x231;355030862000118;PINHEIROS;8113301042412.382
101x229;355030862000118;PINHEIROS;24033736263504.965
101x230;355030862000118;PINHEIROS;194147841775930
101x231;355030862000118;PINHEIROS;271114977843996.97
102x230;355030862000118;PINHEIROS;103337995934426.84
102x231;355030862000118;PINHEIROS;98043178080160.08
103x231;355030862000118;PINHEIROS;139975951355051.88
103x232;355030862000118;PINHEIROS;151364239409883.22
104x231;355030862000118;PINHEIROS;33040019094076.79
102x229;355030862000119;PINHEIROS;21911733867240.793
103x230;355030862000119;PINHEIROS;5826328507596.969
102x228;355030862000120;PINHEIROS;129990572191805.16
102x229;355030862000120;PINHEIROS;52935614437694.74
103x229;355030862000120;PINHEIROS;47965705745244.45
103x230;355030862000120;PINHEIROS;41437907354914.83
104x229;355030862000120;PINHEIROS;8924882348705.953
104x230;355030862000120;PINHEIROS;71041206925003.02
99x230;355030862000121;PINHEIROS;50938489294521.516
99x231;355030862000121;PINHEIROS;126148913370484.92
100x229;355030862000121;PINHEIROS;137008441506795.5
100x230;355030862000121;PINHEIROS;92992258870796.19
101x229;355030862000121;PINHEIROS;988322296709.3533
101x230;355030862000121;PINHEIROS;23264205440104.598
99x231;355030862000122;PINHEIROS;33120238442267.61
100x230;355030862000122;PINHEIROS;35285448737020.21
100x231;355030862000122;PINHEIROS;35238186515164.16
101x240;355030862000123;PINHEIROS;3533823156987.5674
101x241;355030862000123;PINHEIROS;19385312437685.324
102x240;355030862000123;PINHEIROS;34896631152453.383
102x240;355030862000124;PINHEIROS;46221084595804.78
102x241;355030862000124;PINHEIROS;944027186516.9097
103x241;355030862000124;PINHEIROS;49980742629.21275
102x239;355030862000125;PINHEIROS;326094411763.72784
102x240;355030862000125;PINHEIROS;19015686676699.95
103x239;355030862000125;PINHEIROS;62274443161.10311
103x240;355030862000125;PINHEIROS;38080652865080.21
101x240;355030862000126;PINHEIROS;4184771229438.626
102x239;355030862000126;PINHEIROS;30666993710204.74
100x241;355030862000127;PINHEIROS;15200732763499.07
100x242;355030862000127;PINHEIROS;95157999592721.77
100x243;355030862000127;PINHEIROS;809916281730.4878
101x242;355030862000127;PINHEIROS;98095942826175.47
101x243;355030862000127;PINHEIROS;2712480375971.1577
104x240;355030862000128;PINHEIROS;110116446210198.52
104x241;355030862000128;PINHEIROS;5091677528161.945
105x241;355030862000128;PINHEIROS;11603745274744.191
103x241;355030862000129;PINHEIROS;25493715982617.676
104x240;355030862000129;PINHEIROS;12304144300652.688
102x238;355030862000130;PINHEIROS;120882588317.64316
103x238;355030862000130;PINHEIROS;34502937297811.246
103x239;355030862000130;PINHEIROS;79116870004699.97
104x238;355030862000130;PINHEIROS;109606791751.81056
101x238;355030862000131;PINHEIROS;6123711654422.904
101x239;355030862000131;PINHEIROS;23895283759490.945
102x238;355030862000131;PINHEIROS;136148300625102.34
102x239;355030862000131;PINHEIROS;15466266396841.76
103x239;355030862000131;PINHEIROS;28346039807.861298
98x243;355030862000132;PINHEIROS;71140910873034.47
99x243;355030862000132;PINHEIROS;107093778545955.19
100x242;355030862000132;PINHEIROS;25851699891037.188
100x243;355030862000132;PINHEIROS;4791706919641.096
104x241;355030862000133;PINHEIROS;64116917896293.95
105x241;355030862000133;PINHEIROS;10500090247118.65
105x242;355030862000133;PINHEIROS;6728055332693.263
104x239;355030862000134;PINHEIROS;13794787552837.934
104x240;355030862000134;PINHEIROS;59931293495878.23
104x238;355030862000135;PINHEIROS;10966712053469.846
104x239;355030862000135;PINHEIROS;4891728927.980866
105x238;355030862000135;PINHEIROS;10315256761905.283
105x239;355030862000135;PINHEIROS;11480397449143.404
104x238;355030862000136;PINHEIROS;44833942101246.41
103x238;355030862000137;PINHEIROS;25276306706697.29
103x239;355030862000137;PINHEIROS;597082545276.1392
104x237;355030862000137;PINHEIROS;25945564699657.258
104x238;355030862000137;PINHEIROS;6538837916612.387
101x237;355030862000138;PINHEIROS;35835273833421.28
102x237;355030862000138;PINHEIROS;3976011303910.1304
96x235;355030862000139;PINHEIROS;968752652483.0542
96x236;355030862000139;PINHEIROS;12313018665584.725
96x237;355030862000139;PINHEIROS;25089777111807.625
97x236;355030862000139;PINHEIROS;177703810607624.5
97x237;355030862000139;PINHEIROS;286843530816849.94
98x236;355030862000139;PINHEIROS;2174019801881.8635
98x237;355030862000139;PINHEIROS;33216200953490.38
98x238;355030862000140;PINHEIROS;11560008268117.307
98x239;355030862000141;PINHEIROS;144779112628.29822
98x240;355030862000141;PINHEIROS;21497283971308.91
99x240;355030862000141;PINHEIROS;4781320892372.309
98x243;355030862000142;PINHEIROS;59533874333726.49
98x244;355030862000142;PINHEIROS;31934995413918.035
99x244;355030862000142;PINHEIROS;8563144666928.94
99x245;355030862000143;PINHEIROS;72351575051103.5
99x246;355030862000143;PINHEIROS;88572458088778.03
99x247;355030862000143;PINHEIROS;22971576384232.656
100x245;355030862000143;PINHEIROS;74043261045511.11
100x246;355030862000143;PINHEIROS;16936435079837.816
101x244;355030862000144;PINHEIROS;8263810102027.026
101x245;355030862000144;PINHEIROS;8558036508321.737
102x243;355030862000144;PINHEIROS;4701890227158.037
102x244;355030862000144;PINHEIROS;4167772036221.9556
105x241;355030862000145;PINHEIROS;27067555682474.29
105x242;355030862000145;PINHEIROS;31197252952317.6
105x241;355030862000146;PINHEIROS;30935456814933.207
106x240;355030862000146;PINHEIROS;31951338966394.97
106x241;355030862000146;PINHEIROS;5064755223571.288
107x240;355030862000147;PINHEIROS;13926078248438.605
106x239;355030862000148;PINHEIROS;15909903035567.285
105x239;355030862000149;PINHEIROS;6209897697319.602
105x240;355030862000149;PINHEIROS;55098198671.05174
106x239;355030862000149;PINHEIROS;48207894560085.01
99x235;355030862000150;PINHEIROS;18580950829081.668
99x236;355030862000150;PINHEIROS;24609962643504.984
100x234;355030862000150;PINHEIROS;101494776386.55315
100x235;355030862000150;PINHEIROS;237620314144716.47
100x236;355030862000150;PINHEIROS;120754308983128.27
101x236;355030862000150;PINHEIROS;2653329979584.5537
100x236;355030862000151;PINHEIROS;31722258994175.598
100x237;355030862000151;PINHEIROS;60383701503720.66
101x236;355030862000151;PINHEIROS;103564881987281.34
101x237;355030862000151;PINHEIROS;163352694336345.56
102x236;355030862000151;PINHEIROS;3956756193469.998
97x240;355030862000152;PINHEIROS;20677156440100.87
98x239;355030862000152;PINHEIROS;5745890900095.094
98x240;355030862000152;PINHEIROS;24646225976347.098
96x239;355030862000153;PINHEIROS;12878171605373.186
97x239;355030862000153;PINHEIROS;138266175629.08014
97x240;355030862000153;PINHEIROS;1664144380535.5833
93x239;355030862000154;PINHEIROS;20672072668069.71
93x240;355030862000154;PINHEIROS;29984470029.63317
94x238;355030862000154;PINHEIROS;51742073527086.766
94x239;355030862000154;PINHEIROS;188388864245855.7
94x240;355030862000154;PINHEIROS;51735131401234.76
95x239;355030862000154;PINHEIROS;219349532449277.22
95x240;355030862000154;PINHEIROS;250528136545656.78
95x241;355030862000154;PINHEIROS;144487511019341.25
96x238;355030862000154;PINHEIROS;62715830701650.8
96x239;355030862000154;PINHEIROS;145523085267539.56
96x240;355030862000154;PINHEIROS;14688063010765.402
96x241;355030862000154;PINHEIROS;2147124531498.6465
97x239;355030862000154;PINHEIROS;36585310735559.7
97x240;355030862000154;PINHEIROS;3108505375840.987
101x246;355030862000155;PINHEIROS;4012564871412.9253
102x245;355030862000155;PINHEIROS;2530059002637.024
106x245;355030862000156;PINHEIROS;27479972644910.72
106x246;355030862000156;PINHEIROS;142730549015061.62
107x246;355030862000156;PINHEIROS;21286867265138.387
104x245;355030862000157;PINHEIROS;37304684450388.586
105x245;355030862000157;PINHEIROS;133655930602491.58
105x246;355030862000157;PINHEIROS;2196418686229.7676
106x244;355030862000157;PINHEIROS;161821172002.3862
106x245;355030862000157;PINHEIROS;132680091053808.33
106x246;355030862000157;PINHEIROS;32068624185309.664
106x244;355030862000158;PINHEIROS;86466438694693.98
106x245;355030862000158;PINHEIROS;45740687483221.89
107x244;355030862000158;PINHEIROS;360598634685.3798
107x245;355030862000158;PINHEIROS;819390258292.3969
105x237;355030862000159;PINHEIROS;95965777334401.84
106x236;355030862000159;PINHEIROS;41604859612545.11
106x237;355030862000159;PINHEIROS;19887931107868.824
107x238;355030862000159;PINHEIROS;107591599970309.75
106x234;355030862000160;PINHEIROS;114037082336608.86
106x235;355030862000160;PINHEIROS;37957092361821.38
107x235;355030862000160;PINHEIROS;102923834483714.86
107x236;355030862000160;PINHEIROS;3463338150852.6406
108x235;355030862000160;PINHEIROS;170546955908064.3
108x236;355030862000160;PINHEIROS;198791086763355
109x236;355030862000160;PINHEIROS;50299429222476.695
104x235;355030862000161;PINHEIROS;49938798935075
105x234;355030862000161;PINHEIROS;9776396800266.502
105x235;355030862000161;PINHEIROS;78756313458745.22
105x236;355030862000161;PINHEIROS;100366088097294.17
106x234;355030862000161;PINHEIROS;39071097967095.14
106x235;355030862000161;PINHEIROS;158723390084029.75
106x236;355030862000161;PINHEIROS;92421526312380.12
102x231;355030862000162;PINHEIROS;69066724488570.77
102x232;355030862000162;PINHEIROS;83139516868740.66
103x232;355030862000162;PINHEIROS;36603582600659.92
98x231;355030862000163;PINHEIROS;26164854795241.586
98x232;355030862000163;PINHEIROS;110219599967009.48
98x233;355030862000163;PINHEIROS;95181256371619.14
99x231;355030862000163;PINHEIROS;8264440190436.434
99x232;355030862000163;PINHEIROS;62568920475832.336
99x233;355030862000163;PINHEIROS;172765404111059.4
99x234;355030862000163;PINHEIROS;33686885782476.938
100x231;355030862000163;PINHEIROS;251457541172900.7
100x232;355030862000163;PINHEIROS;214964012340574.03
100x233;355030862000163;PINHEIROS;77959595551170.31
101x231;355030862000163;PINHEIROS;6140670155617.835
101x232;355030862000163;PINHEIROS;65142308721505.234
100x245;355030862000164;PINHEIROS;7726844508223.447
100x246;355030862000164;PINHEIROS;32476330338368.676
101x246;355030862000164;PINHEIROS;3536446676348.8965
100x246;355030862000165;PINHEIROS;76901519318980.45
100x247;355030862000165;PINHEIROS;87774833395240.89
100x248;355030862000165;PINHEIROS;12044594823152.607
101x247;355030862000165;PINHEIROS;2258976646761.9937
100x247;355030862000166;PINHEIROS;31237109724794.78
100x248;355030862000166;PINHEIROS;138754822918055.36
100x249;355030862000166;PINHEIROS;187828096347.62653
101x247;355030862000166;PINHEIROS;4856924841821.669
101x248;355030862000166;PINHEIROS;100233481038872.39
102x247;355030862000166;PINHEIROS;576676593624.026
103x232;355030862000167;PINHEIROS;25361847827767.71
103x233;355030862000167;PINHEIROS;10771164106716.754
104x231;355030862000167;PINHEIROS;237234288623246.5
104x232;355030862000167;PINHEIROS;272752213984318.97
104x233;355030862000167;PINHEIROS;13117043106930.545
105x232;355030862000167;PINHEIROS;74948077211179.78
105x233;355030862000167;PINHEIROS;23461687973921.36
101x230;355030862000168;PINHEIROS;22532350339020.55
102x229;355030862000168;PINHEIROS;12217713518593.938
102x230;355030862000168;PINHEIROS;147806051690698.34
103x230;355030862000168;PINHEIROS;112962905517798.73
103x231;355030862000168;PINHEIROS;172057918501.6278
100x227;355030862000169;PINHEIROS;1575131888050.7505
100x228;355030862000169;PINHEIROS;79855876631376.55
100x229;355030862000169;PINHEIROS;10173500523770.158
101x228;355030862000169;PINHEIROS;218476611509023.44
101x229;355030862000169;PINHEIROS;48086319694624.63
101x230;355030862000169;PINHEIROS;14241111395101.738
102x227;355030862000169;PINHEIROS;9312706839877.682
102x228;355030862000169;PINHEIROS;97264089684923.67
102x229;355030862000169;PINHEIROS;162804248044323.44
102x237;355030862000170;PINHEIROS;11631221481400.793
103x237;355030862000170;PINHEIROS;99947433022428.56
103x238;355030862000170;PINHEIROS;31208316185.811897
101x245;355030862000171;PINHEIROS;74935378757.56621
102x244;355030862000171;PINHEIROS;68524823465861.93
104x243;355030862000172;PINHEIROS;36046932834694.69
104x244;355030862000172;PINHEIROS;33768754282694.78
101x245;355030862000173;PINHEIROS;89057569648.2379
102x244;355030862000173;PINHEIROS;14010605464582.053
102x245;355030862000173;PINHEIROS;13455074186608.37
100x245;355030862000174;PINHEIROS;7393647898598.43
100x246;355030862000174;PINHEIROS;24353624943366.73
100x247;355030862000174;PINHEIROS;4504565255607.315
101x246;355030862000174;PINHEIROS;63122631917913.02
