hex_id,sec_code,population,0_2_salaries,2_3_salaries,3_5_salaries,5_10_salaries,above_10_salaries,V002,V005,V006,V007,V008,V009,V010,V011,V012,V013
123x239,355030807000078,1213,0,0,0,0,0,545.0,0,0,2,5,17,11,47,80,72
121x239,355030807000078,353,0,0,0,0,0,545.0,0,0,2,5,17,11,47,80,72
120x240,355030807000080,306,0,0,0,0,0,482.0,0,0,1,6,28,28,43,67,31
120x241,355030807000080,760,0,0,0,0,0,482.0,0,0,1,6,28,28,43,67,31
121x239,355030807000097,353,0,0,0,0,0,47.0,0,0,1,0,1,1,1,6,8
120x240,355030807000097,306,0,0,0,0,0,47.0,0,0,1,0,1,1,1,6,8
121x239,355030845000098,353,0,0,0,0,0,469.0,0,0,1,5,14,12,25,63,58
120x240,355030845000098,306,0,0,0,0,0,469.0,0,0,1,5,14,12,25,63,58
123x239,355030807000028,1213,0,0,0,0,0,390.0,0,0,0,3,9,7,22,42,61
123x239,355030807000029,1213,0,0,0,0,0,81.0,0,0,0,0,2,2,8,13,13
123x239,355030807000030,1213,0,0,0,0,0,336.0,0,0,4,23,23,22,22,16,8
123x239,355030807000011,1213,0,0,0,0,0,662.0,0,0,0,5,31,25,33,67,83
123x239,355030807000027,1213,0,0,0,0,0,591.0,1,2,1,5,19,20,37,98,95
123x239,355030807000026,1213,0,0,0,0,0,635.0,3,0,1,11,23,24,47,97,72
124x238,355030807000026,818,0,0,0,0,0,635.0,3,0,1,11,23,24,47,97,72
123x239,355030807000056,1213,0,0,0,0,0,243.0,0,1,0,4,8,8,18,29,22
124x238,355030807000056,818,0,0,0,0,0,243.0,0,1,0,4,8,8,18,29,22
121x239,355030845000207,353,0,0,0,0,0,295.0,4,0,1,7,9,15,20,41,45
121x239,355030845000100,353,0,0,0,0,0,208.0,0,0,1,3,10,8,17,32,20
121x239,355030845000175,353,0,0,0,0,0,477.0,0,0,2,15,31,18,40,69,43
120x240,355030807000085,306,0,0,0,0,0,148.0,0,1,0,0,5,7,18,29,32
120x240,355030807000098,306,0,0,0,0,0,402.0,0,0,0,1,7,12,26,53,96
120x241,355030807000098,760,0,0,0,0,0,402.0,0,0,0,1,7,12,26,53,96
120x240,355030807000099,306,0,0,0,0,0,1268.0,0,1,4,13,30,23,68,175,227
120x241,355030807000099,760,0,0,0,0,0,1268.0,0,1,4,13,30,23,68,175,227
121x243,355030807000099,1418,0,0,0,0,0,1268.0,0,1,4,13,30,23,68,175,227
120x240,355030845000095,306,0,0,0,0,0,502.0,0,0,4,7,7,16,20,80,77
118x242,355030845000095,328,0,0,0,0,0,502.0,0,0,4,7,7,16,20,80,77
121x243,355030807000101,1418,0,0,0,0,0,689.0,1,0,7,25,67,37,75,66,17
121x243,355030807000103,1418,0,0,0,0,0,367.0,0,0,1,6,27,30,44,76,33
99x222,355030854000128,18,0,0,0,0,0,316.0,0,0,0,2,2,3,6,11,27
98x221,355030854000128,36,0,0,0,0,0,316.0,0,0,0,2,2,3,6,11,27
99x222,355030835000034,18,0,0,0,0,0,94.0,0,0,2,1,11,5,8,0,4
98x221,355030835000034,36,0,0,0,0,0,94.0,0,0,2,1,11,5,8,0,4
98x220,355030835000034,35,0,0,0,0,0,94.0,0,0,2,1,11,5,8,0,4
99x220,355030835000034,108,0,0,0,0,0,94.0,0,0,2,1,11,5,8,0,4
101x220,355030835000034,127,0,0,0,0,0,94.0,0,0,2,1,11,5,8,0,4
99x222,355030854000053,18,0,0,0,0,0,216.0,0,2,1,1,1,2,3,6,12
98x221,355030854000053,36,0,0,0,0,0,216.0,0,2,1,1,1,2,3,6,12
98x220,355030854000053,35,0,0,0,0,0,216.0,0,2,1,1,1,2,3,6,12
97x221,355030854000053,104,0,0,0,0,0,216.0,0,2,1,1,1,2,3,6,12
99x227,355030854000132,66,0,0,0,0,0,309.0,0,0,4,6,9,7,7,21,17
100x224,355030854000132,40,0,0,0,0,0,309.0,0,0,4,6,9,7,7,21,17
98x225,355030854000132,70,0,0,0,0,0,309.0,0,0,4,6,9,7,7,21,17
98x221,355030854000101,36,0,0,0,0,0,149.0,0,0,0,0,0,0,0,0,47
106x225,355030835000035,132,0,0,0,0,0,525.0,0,1,0,4,9,1,14,37,110
105x225,355030835000035,112,0,0,0,0,0,525.0,0,1,0,4,9,1,14,37,110
101x227,355030835000035,37,0,0,0,0,0,525.0,0,1,0,4,9,1,14,37,110
102x223,355030835000035,241,0,0,0,0,0,525.0,0,1,0,4,9,1,14,37,110
100x224,355030835000035,40,0,0,0,0,0,525.0,0,1,0,4,9,1,14,37,110
102x227,355030835000035,37,0,0,0,0,0,525.0,0,1,0,4,9,1,14,37,110
126x237,355030807000052,729,0,0,0,0,0,1114.0,0,0,0,5,18,17,65,99,168
126x236,355030807000052,463,0,0,0,0,0,1114.0,0,0,0,5,18,17,65,99,168
126x236,355030807000054,463,0,0,0,0,0,907.0,0,1,3,37,47,35,56,133,144
126x237,355030807000023,729,0,0,0,0,0,174.0,0,0,0,3,6,14,8,23,18
126x236,355030807000023,463,0,0,0,0,0,174.0,0,0,0,3,6,14,8,23,18
126x237,355030807000024,729,0,0,0,0,0,503.0,0,0,1,6,18,19,47,72,51
126x237,355030807000025,729,0,0,0,0,0,380.0,0,0,1,4,8,23,34,43,48
124x238,355030807000025,818,0,0,0,0,0,380.0,0,0,1,4,8,23,34,43,48
125x239,355030807000025,1401,0,0,0,0,0,380.0,0,0,1,4,8,23,34,43,48
126x237,355030807000005,729,0,0,0,0,0,435.0,0,0,2,5,15,14,29,53,46
124x238,355030807000005,818,0,0,0,0,0,435.0,0,0,2,5,15,14,29,53,46
125x239,355030807000005,1401,0,0,0,0,0,435.0,0,0,2,5,15,14,29,53,46
126x237,355030807000022,729,0,0,0,0,0,477.0,0,1,2,3,20,25,45,75,60
126x236,355030807000022,463,0,0,0,0,0,477.0,0,1,2,3,20,25,45,75,60
126x237,355030807000021,729,0,0,0,0,0,394.0,0,0,0,2,4,11,28,56,52
125x239,355030807000003,1401,0,0,0,0,0,569.0,0,1,5,17,43,22,54,63,46
125x239,355030807000004,1401,0,0,0,0,0,500.0,0,1,13,32,27,21,33,20,14
126x236,355030807000055,463,0,0,0,0,0,540.0,1,1,1,6,14,8,35,72,71
128x235,355030807000076,185,0,0,0,0,0,408.0,0,0,3,7,14,14,32,61,38
128x235,355030807000077,185,0,0,0,0,0,345.0,0,0,2,2,18,17,24,53,24
128x235,355030849000103,185,0,0,0,0,0,203.0,0,0,3,4,13,8,11,37,7
129x234,355030849000103,378,0,0,0,0,0,203.0,0,0,3,4,13,8,11,37,7
128x235,355030849000104,185,0,0,0,0,0,481.0,0,1,6,8,26,23,61,69,26
85x251,355030802000018,137,0,0,0,0,0,948.0,0,1,0,3,6,11,17,63,149
87x248,355030802000018,94,0,0,0,0,0,948.0,0,1,0,3,6,11,17,63,149
85x251,355030802000045,137,0,0,0,0,0,521.0,0,0,0,6,9,8,15,41,86
83x250,355030802000045,119,0,0,0,0,0,521.0,0,0,0,6,9,8,15,41,86
83x249,355030802000045,27,0,0,0,0,0,521.0,0,0,0,6,9,8,15,41,86
85x251,355030802000062,137,0,0,0,0,0,586.0,0,0,10,16,16,14,25,34,32
83x250,355030802000062,119,0,0,0,0,0,586.0,0,0,10,16,16,14,25,34,32
87x248,355030802000043,94,0,0,0,0,0,909.0,0,0,0,2,5,9,19,63,186
83x250,355030802000043,119,0,0,0,0,0,909.0,0,0,0,2,5,9,19,63,186
83x249,355030802000043,27,0,0,0,0,0,909.0,0,0,0,2,5,9,19,63,186
87x248,355030802000016,94,0,0,0,0,0,367.0,0,0,1,1,4,6,14,28,50
90x244,355030802000016,75,0,0,0,0,0,367.0,0,0,1,1,4,6,14,28,50
89x250,355030802000070,119,0,0,0,0,0,391.0,0,1,2,10,8,5,13,25,42
95x244,355030802000005,166,0,0,0,0,0,765.0,0,0,0,3,13,5,21,78,65
96x244,355030802000005,684,0,0,0,0,0,765.0,0,0,0,3,13,5,21,78,65
92x247,355030802000005,151,0,0,0,0,0,765.0,0,0,0,3,13,5,21,78,65
90x246,355030802000005,110,0,0,0,0,0,765.0,0,0,0,3,13,5,21,78,65
93x245,355030802000005,100,0,0,0,0,0,765.0,0,0,0,3,13,5,21,78,65
90x246,355030802000017,110,0,0,0,0,0,798.0,0,0,2,3,4,3,28,74,83
93x245,355030802000017,100,0,0,0,0,0,798.0,0,0,2,3,4,3,28,74,83
90x244,355030802000017,75,0,0,0,0,0,798.0,0,0,2,3,4,3,28,74,83
107x223,355030835000020,339,0,0,0,0,0,239.0,0,0,3,10,8,8,16,24,12
106x225,355030835000039,132,0,0,0,0,0,275.0,0,0,0,8,21,18,23,18,13
105x225,355030835000039,112,0,0,0,0,0,275.0,0,0,0,8,21,18,23,18,13
106x225,355030835000040,132,0,0,0,0,0,238.0,0,0,0,7,14,11,18,18,18
108x223,355030835000041,1163,0,0,0,0,0,696.0,0,1,3,7,33,28,53,93,69
106x225,355030835000060,132,0,0,0,0,0,495.0,0,0,5,10,23,22,26,43,57
105x227,355030835000060,140,0,0,0,0,0,495.0,0,0,5,10,23,22,26,43,57
107x227,355030835000060,225,0,0,0,0,0,495.0,0,0,5,10,23,22,26,43,57
102x223,355030835000018,241,0,0,0,0,0,425.0,0,0,2,4,7,19,28,67,61
103x223,355030835000018,118,0,0,0,0,0,425.0,0,0,2,4,7,19,28,67,61
102x223,355030835000037,241,0,0,0,0,0,661.0,0,0,1,6,8,10,27,70,145
107x223,355030835000004,339,0,0,0,0,0,399.0,0,1,2,10,18,9,29,38,32
107x221,355030835000004,246,0,0,0,0,0,399.0,0,1,2,10,18,9,29,38,32
107x223,355030835000010,339,0,0,0,0,0,571.0,0,1,4,11,35,14,27,55,52
107x223,355030835000042,339,0,0,0,0,0,560.0,0,0,0,3,14,22,26,76,112
108x223,355030835000042,1163,0,0,0,0,0,560.0,0,0,0,3,14,22,26,76,112
109x224,355030835000042,879,0,0,0,0,0,560.0,0,0,0,3,14,22,26,76,112
107x223,355030835000021,339,0,0,0,0,0,248.0,0,0,2,4,7,7,14,38,65
108x223,355030835000021,1163,0,0,0,0,0,248.0,0,0,2,4,7,7,14,38,65
107x223,355030835000164,339,0,0,0,0,0,241.0,0,0,0,9,12,9,16,25,20
108x223,355030835000164,1163,0,0,0,0,0,241.0,0,0,0,9,12,9,16,25,20
107x223,355030835000165,339,0,0,0,0,0,513.0,1,0,1,5,15,17,32,63,81
108x223,355030835000165,1163,0,0,0,0,0,513.0,1,0,1,5,15,17,32,63,81
103x223,355030835000009,118,0,0,0,0,0,625.0,0,0,0,9,32,23,38,74,79
105x222,355030835000009,697,0,0,0,0,0,625.0,0,0,0,9,32,23,38,74,79
105x225,355030835000179,112,0,0,0,0,0,491.0,0,2,3,14,20,16,36,52,62
109x226,355030835000063,89,0,0,0,0,0,325.0,0,0,1,7,15,18,18,29,38
109x224,355030835000063,879,0,0,0,0,0,325.0,0,0,1,7,15,18,18,29,38
107x227,355030835000061,225,0,0,0,0,0,606.0,0,0,5,15,28,17,38,87,95
109x226,355030835000061,89,0,0,0,0,0,606.0,0,0,5,15,28,17,38,87,95
109x226,355030835000062,89,0,0,0,0,0,231.0,0,0,0,1,5,8,20,43,27
108x223,355030835000043,1163,0,0,0,0,0,179.0,0,0,0,1,4,4,8,27,53
109x224,355030835000043,879,0,0,0,0,0,179.0,0,0,0,1,4,4,8,27,53
108x223,355030835000011,1163,0,0,0,0,0,555.0,0,0,2,4,17,17,36,83,131
109x222,355030835000011,536,0,0,0,0,0,555.0,0,0,2,4,17,17,36,83,131
108x223,355030835000022,1163,0,0,0,0,0,676.0,0,0,0,3,11,13,43,124,59
109x224,355030835000022,879,0,0,0,0,0,676.0,0,0,0,3,11,13,43,124,59
108x223,355030835000044,1163,0,0,0,0,0,358.0,0,0,0,3,9,10,17,51,82
109x224,355030835000044,879,0,0,0,0,0,358.0,0,0,0,3,9,10,17,51,82
105x227,355030835000059,140,0,0,0,0,0,309.0,0,0,0,1,3,5,7,35,66
107x227,355030835000059,225,0,0,0,0,0,309.0,0,0,0,1,3,5,7,35,66
105x227,355030835000156,140,0,0,0,0,0,663.0,0,2,4,12,13,5,10,48,136
105x227,355030835000077,140,0,0,0,0,0,449.0,0,0,0,8,7,4,9,46,78
107x227,355030835000082,225,0,0,0,0,0,454.0,0,0,0,9,20,24,39,64,33
107x229,355030835000082,770,0,0,0,0,0,454.0,0,0,0,9,20,24,39,64,33
107x227,355030835000083,225,0,0,0,0,0,302.0,0,1,1,9,14,11,18,49,57
107x227,355030835000193,225,0,0,0,0,0,267.0,1,0,1,5,11,13,12,36,82
124x238,355030807000006,818,0,0,0,0,0,441.0,1,1,3,7,21,24,47,74,22
125x239,355030807000006,1401,0,0,0,0,0,441.0,1,1,3,7,21,24,47,74,22
124x238,355030807000008,818,0,0,0,0,0,705.0,0,1,0,11,25,14,31,84,107
125x239,355030807000008,1401,0,0,0,0,0,705.0,0,1,0,11,25,14,31,84,107
125x239,355030807000002,1401,0,0,0,0,0,603.0,0,0,1,19,46,53,51,55,21
125x239,355030807000007,1401,0,0,0,0,0,503.0,0,0,1,7,27,30,51,67,21
124x235,355030890000203,1611,0,0,0,0,0,484.0,1,0,1,3,10,12,30,75,81
124x235,355030890000210,1611,0,0,0,0,0,521.0,0,0,2,4,5,18,51,80,91
124x235,355030890000201,1611,0,0,0,0,0,526.0,0,0,1,8,16,22,46,72,59
124x235,355030890000204,1611,0,0,0,0,0,382.0,0,0,0,2,9,12,34,50,46
127x234,355030890000193,514,0,0,0,0,0,448.0,0,0,1,6,26,26,30,54,31
127x234,355030890000196,514,0,0,0,0,0,448.0,0,0,0,4,12,14,21,60,58
107x232,355030862000110,76,0,0,0,0,0,360.0,0,0,4,1,7,6,5,20,63
110x235,355030862000110,32,0,0,0,0,0,360.0,0,0,4,1,7,6,5,20,63
107x235,355030862000110,78,0,0,0,0,0,360.0,0,0,4,1,7,6,5,20,63
107x232,355030862000113,76,0,0,0,0,0,378.0,0,0,2,6,15,9,15,26,40
109x233,355030862000113,67,0,0,0,0,0,378.0,0,0,2,6,15,9,15,26,40
108x230,355030862000113,623,0,0,0,0,0,378.0,0,0,2,6,15,9,15,26,40
109x232,355030862000113,240,0,0,0,0,0,378.0,0,0,2,6,15,9,15,26,40
107x232,355030862000114,76,0,0,0,0,0,269.0,0,0,0,0,5,3,6,17,49
104x232,355030862000114,140,0,0,0,0,0,269.0,0,0,0,0,5,3,6,17,49
104x230,355030862000114,621,0,0,0,0,0,269.0,0,0,0,0,5,3,6,17,49
110x235,355030845000026,32,0,0,0,0,0,207.0,0,0,1,5,9,3,9,10,26
112x238,355030845000026,221,0,0,0,0,0,207.0,0,0,1,5,9,3,9,10,26
109x237,355030845000026,53,0,0,0,0,0,207.0,0,0,1,5,9,3,9,10,26
112x236,355030845000026,33,0,0,0,0,0,207.0,0,0,1,5,9,3,9,10,26
113x238,355030845000026,268,0,0,0,0,0,207.0,0,0,1,5,9,3,9,10,26
111x237,355030845000026,32,0,0,0,0,0,207.0,0,0,1,5,9,3,9,10,26
110x235,355030862000112,32,0,0,0,0,0,368.0,0,1,3,3,4,4,10,17,77
109x233,355030862000112,67,0,0,0,0,0,368.0,0,1,3,3,4,4,10,17,77
109x232,355030862000112,240,0,0,0,0,0,368.0,0,1,3,3,4,4,10,17,77
110x232,355030862000112,383,0,0,0,0,0,368.0,0,1,3,3,4,4,10,17,77
110x235,355030845000025,32,0,0,0,0,0,414.0,0,2,0,6,12,5,14,18,56
114x237,355030845000025,606,0,0,0,0,0,414.0,0,2,0,6,12,5,14,18,56
112x236,355030845000025,33,0,0,0,0,0,414.0,0,2,0,6,12,5,14,18,56
113x238,355030845000025,268,0,0,0,0,0,414.0,0,2,0,6,12,5,14,18,56
116x235,355030845000025,600,0,0,0,0,0,414.0,0,2,0,6,12,5,14,18,56
113x234,355030845000025,112,0,0,0,0,0,414.0,0,2,0,6,12,5,14,18,56
111x237,355030845000025,32,0,0,0,0,0,414.0,0,2,0,6,12,5,14,18,56
115x235,355030845000025,76,0,0,0,0,0,414.0,0,2,0,6,12,5,14,18,56
113x237,355030845000025,34,0,0,0,0,0,414.0,0,2,0,6,12,5,14,18,56
107x235,355030862000096,78,0,0,0,0,0,251.0,0,1,3,4,4,1,8,28,30
107x235,355030862000160,78,0,0,0,0,0,216.0,0,0,0,2,6,3,7,17,36
104x232,355030862000098,140,0,0,0,0,0,497.0,2,2,6,15,12,5,19,32,38
103x232,355030862000098,115,0,0,0,0,0,497.0,2,2,6,15,12,5,19,32,38
103x233,355030862000098,118,0,0,0,0,0,497.0,2,2,6,15,12,5,19,32,38
108x238,355030845000047,123,0,0,0,0,0,381.0,0,0,2,6,14,10,16,24,44
112x238,355030845000047,221,0,0,0,0,0,381.0,0,0,2,6,14,10,16,24,44
109x237,355030845000047,53,0,0,0,0,0,381.0,0,0,2,6,14,10,16,24,44
105x229,355030835000102,226,0,0,0,0,0,296.0,0,0,0,3,7,9,12,31,43
105x230,355030835000102,331,0,0,0,0,0,296.0,0,0,0,3,7,9,12,31,43
104x230,355030835000208,621,0,0,0,0,0,262.0,0,0,1,5,3,1,8,20,41
105x230,355030835000208,331,0,0,0,0,0,262.0,0,0,1,5,3,1,8,20,41
108x230,355030835000120,623,0,0,0,0,0,547.0,0,0,4,3,9,8,32,52,143
109x230,355030835000120,881,0,0,0,0,0,547.0,0,0,4,3,9,8,32,52,143
109x231,355030835000120,1219,0,0,0,0,0,547.0,0,0,4,3,9,8,32,52,143
108x230,355030835000130,623,0,0,0,0,0,423.0,5,4,1,10,13,7,28,34,47
109x232,355030835000130,240,0,0,0,0,0,423.0,5,4,1,10,13,7,28,34,47
109x230,355030835000130,881,0,0,0,0,0,423.0,5,4,1,10,13,7,28,34,47
109x231,355030835000130,1219,0,0,0,0,0,423.0,5,4,1,10,13,7,28,34,47
108x230,355030835000106,623,0,0,0,0,0,508.0,0,0,2,5,11,9,32,75,122
107x229,355030835000106,770,0,0,0,0,0,508.0,0,0,2,5,11,9,32,75,122
108x230,355030835000121,623,0,0,0,0,0,380.0,0,1,3,1,9,8,17,29,76
109x230,355030835000121,881,0,0,0,0,0,380.0,0,1,3,1,9,8,17,29,76
108x230,355030835000131,623,0,0,0,0,0,380.0,0,0,1,5,10,11,21,63,71
109x232,355030835000131,240,0,0,0,0,0,380.0,0,0,1,5,10,11,21,63,71
109x230,355030835000131,881,0,0,0,0,0,380.0,0,0,1,5,10,11,21,63,71
109x231,355030835000131,1219,0,0,0,0,0,380.0,0,0,1,5,10,11,21,63,71
108x230,355030835000195,623,0,0,0,0,0,,0,0,0,0,0,0,0,0,0
105x230,355030835000103,331,0,0,0,0,0,213.0,0,0,0,4,4,3,13,22,60
109x232,355030835000141,240,0,0,0,0,0,346.0,0,1,2,2,5,9,12,47,37
109x230,355030835000141,881,0,0,0,0,0,346.0,0,1,2,2,5,9,12,47,37
109x231,355030835000141,1219,0,0,0,0,0,346.0,0,1,2,2,5,9,12,47,37
109x232,355030835000142,240,0,0,0,0,0,439.0,0,0,0,4,9,8,21,41,61
110x232,355030835000142,383,0,0,0,0,0,439.0,0,0,0,4,9,8,21,41,61
109x231,355030835000142,1219,0,0,0,0,0,439.0,0,0,0,4,9,8,21,41,61
109x232,355030835000176,240,0,0,0,0,0,359.0,0,1,4,5,4,0,14,33,79
109x230,355030835000176,881,0,0,0,0,0,359.0,0,1,4,5,4,0,14,33,79
109x231,355030835000176,1219,0,0,0,0,0,359.0,0,1,4,5,4,0,14,33,79
104x230,355030862000115,621,0,0,0,0,0,645.0,0,1,0,3,10,11,29,84,122
104x230,355030862000116,621,0,0,0,0,0,555.0,0,1,2,5,4,10,17,75,95
103x231,355030862000116,588,0,0,0,0,0,555.0,0,1,2,5,4,10,17,75,95
103x232,355030862000118,115,0,0,0,0,0,280.0,1,0,0,3,7,6,14,32,35
103x231,355030862000118,588,0,0,0,0,0,280.0,1,0,0,3,7,6,14,32,35
100x231,355030862000118,440,0,0,0,0,0,280.0,1,0,0,3,7,6,14,32,35
104x232,355030862000167,140,0,0,0,0,0,316.0,0,0,2,10,6,12,9,27,40
103x232,355030862000167,115,0,0,0,0,0,316.0,0,0,2,10,6,12,9,27,40
103x233,355030862000167,118,0,0,0,0,0,316.0,0,0,2,10,6,12,9,27,40
104x230,355030862000117,621,0,0,0,0,0,378.0,0,1,0,3,4,7,18,57,83
103x231,355030862000117,588,0,0,0,0,0,378.0,0,1,0,3,4,7,18,57,83
104x230,355030862000120,621,0,0,0,0,0,396.0,0,1,1,14,16,13,14,24,36
110x220,355030832000149,768,0,0,0,0,0,565.0,0,0,2,11,24,15,44,75,46
111x221,355030832000149,1062,0,0,0,0,0,565.0,0,0,2,11,24,15,44,75,46
110x220,355030832000150,768,0,0,0,0,0,307.0,0,1,3,7,16,12,19,32,53
111x221,355030832000150,1062,0,0,0,0,0,307.0,0,1,3,7,16,12,19,32,53
110x220,355030832000094,768,0,0,0,0,0,572.0,0,0,0,1,4,6,24,54,104
111x221,355030832000094,1062,0,0,0,0,0,572.0,0,0,0,1,4,6,24,54,104
110x220,355030835000012,768,0,0,0,0,0,310.0,0,0,0,7,27,19,19,23,12
109x220,355030835000012,577,0,0,0,0,0,310.0,0,0,0,7,27,19,19,23,12
110x220,355030835000154,768,0,0,0,0,0,424.0,0,0,4,18,25,17,21,24,25
109x222,355030835000154,536,0,0,0,0,0,424.0,0,0,4,18,25,17,21,24,25
110x220,355030835000155,768,0,0,0,0,0,474.0,1,1,4,15,17,31,44,58,16
109x220,355030835000155,577,0,0,0,0,0,474.0,1,1,4,15,17,31,44,58,16
107x221,355030835000155,246,0,0,0,0,0,474.0,1,1,4,15,17,31,44,58,16
111x221,355030832000062,1062,0,0,0,0,0,669.0,0,1,4,12,14,12,23,57,102
111x221,355030832000061,1062,0,0,0,0,0,705.0,15,0,2,5,11,11,23,82,82
111x221,355030832000160,1062,0,0,0,0,0,345.0,2,0,1,4,5,4,13,33,61
109x220,355030835000013,577,0,0,0,0,0,634.0,0,0,2,1,24,33,54,109,78
109x220,355030835000025,577,0,0,0,0,0,423.0,0,0,1,10,19,23,32,47,59
109x220,355030835000014,577,0,0,0,0,0,749.0,0,1,0,13,40,23,57,93,54
107x219,355030835000014,312,0,0,0,0,0,749.0,0,1,0,13,40,23,57,93,54
109x222,355030835000024,536,0,0,0,0,0,385.0,0,0,0,4,10,8,25,69,78
109x222,355030835000167,536,0,0,0,0,0,387.0,0,0,0,5,6,14,39,107,76
107x221,355030835000001,246,0,0,0,0,0,547.0,0,0,3,6,15,28,44,72,58
105x222,355030835000001,697,0,0,0,0,0,547.0,0,0,3,6,15,28,44,72,58
107x221,355030835000002,246,0,0,0,0,0,615.0,0,0,1,4,17,18,39,87,83
105x222,355030835000002,697,0,0,0,0,0,615.0,0,0,1,4,17,18,39,87,83
107x221,355030835000003,246,0,0,0,0,0,268.0,0,0,3,1,7,15,25,40,31
105x222,355030835000003,697,0,0,0,0,0,268.0,0,0,3,1,7,15,25,40,31
107x221,355030835000005,246,0,0,0,0,0,309.0,0,1,0,7,17,12,19,23,15
115x223,355030832000002,522,0,0,0,0,0,879.0,0,0,4,2,10,23,37,55,103
116x223,355030832000002,56,0,0,0,0,0,879.0,0,0,4,2,10,23,37,55,103
115x223,355030832000011,522,0,0,0,0,0,285.0,1,0,0,6,7,7,15,30,24
116x223,355030832000011,56,0,0,0,0,0,285.0,1,0,0,6,7,7,15,30,24
115x227,355030832000011,132,0,0,0,0,0,285.0,1,0,0,6,7,7,15,30,24
117x232,355030832000011,133,0,0,0,0,0,285.0,1,0,0,6,7,7,15,30,24
115x228,355030832000011,139,0,0,0,0,0,285.0,1,0,0,6,7,7,15,30,24
119x225,355030832000011,7,0,0,0,0,0,285.0,1,0,0,6,7,7,15,30,24
115x224,355030832000011,116,0,0,0,0,0,285.0,1,0,0,6,7,7,15,30,24
118x230,355030832000011,54,0,0,0,0,0,285.0,1,0,0,6,7,7,15,30,24
122x226,355030832000011,23,0,0,0,0,0,285.0,1,0,0,6,7,7,15,30,24
116x231,355030832000011,110,0,0,0,0,0,285.0,1,0,0,6,7,7,15,30,24
119x230,355030832000011,50,0,0,0,0,0,285.0,1,0,0,6,7,7,15,30,24
120x232,355030832000011,114,0,0,0,0,0,285.0,1,0,0,6,7,7,15,30,24
123x226,355030832000011,90,0,0,0,0,0,285.0,1,0,0,6,7,7,15,30,24
120x229,355030832000011,47,0,0,0,0,0,285.0,1,0,0,6,7,7,15,30,24
116x230,355030832000011,18,0,0,0,0,0,285.0,1,0,0,6,7,7,15,30,24
115x220,355030832000006,594,0,0,0,0,0,656.0,0,0,2,8,12,18,39,78,113
119x225,355030832000157,7,0,0,0,0,0,834.0,0,0,2,4,14,8,40,62,94
121x224,355030832000157,128,0,0,0,0,0,834.0,0,0,2,4,14,8,40,62,94
122x221,355030832000003,32,0,0,0,0,0,263.0,0,0,0,1,7,5,9,23,29
121x224,355030832000003,128,0,0,0,0,0,263.0,0,0,0,1,7,5,9,23,29
122x222,355030832000003,23,0,0,0,0,0,263.0,0,0,0,1,7,5,9,23,29
115x223,355030832000010,522,0,0,0,0,0,526.0,1,0,0,4,7,8,7,48,101
115x224,355030832000010,116,0,0,0,0,0,526.0,1,0,0,4,7,8,7,48,101
114x225,355030832000010,214,0,0,0,0,0,526.0,1,0,0,4,7,8,7,48,101
115x223,355030832000175,522,0,0,0,0,0,714.0,0,0,0,1,11,8,12,40,145
115x228,355030832000067,139,0,0,0,0,0,245.0,0,2,0,0,2,7,15,32,35
116x230,355030832000067,18,0,0,0,0,0,245.0,0,2,0,0,2,7,15,32,35
114x230,355030832000067,132,0,0,0,0,0,245.0,0,2,0,0,2,7,15,32,35
115x229,355030832000067,73,0,0,0,0,0,245.0,0,2,0,0,2,7,15,32,35
113x230,355030832000067,141,0,0,0,0,0,245.0,0,2,0,0,2,7,15,32,35
112x228,355030832000067,164,0,0,0,0,0,245.0,0,2,0,0,2,7,15,32,35
122x226,355030832000012,23,0,0,0,0,0,497.0,0,0,1,11,17,22,33,57,33
123x226,355030832000012,90,0,0,0,0,0,497.0,0,0,1,11,17,22,33,57,33
124x228,355030832000012,194,0,0,0,0,0,497.0,0,0,1,11,17,22,33,57,33
115x227,355030832000034,132,0,0,0,0,0,547.0,12,0,0,1,5,6,12,56,61
115x228,355030832000034,139,0,0,0,0,0,547.0,12,0,0,1,5,6,12,56,61
115x229,355030832000034,73,0,0,0,0,0,547.0,12,0,0,1,5,6,12,56,61
115x227,355030832000033,132,0,0,0,0,0,489.0,1,0,1,3,10,9,26,59,55
114x225,355030832000033,214,0,0,0,0,0,489.0,1,0,1,3,10,9,26,59,55
114x226,355030832000033,178,0,0,0,0,0,489.0,1,0,1,3,10,9,26,59,55
117x232,355030845000045,133,0,0,0,0,0,933.0,71,2,1,14,15,18,27,62,52
116x231,355030845000045,110,0,0,0,0,0,933.0,71,2,1,14,15,18,27,62,52
116x230,355030845000045,18,0,0,0,0,0,933.0,71,2,1,14,15,18,27,62,52
116x235,355030845000045,600,0,0,0,0,0,933.0,71,2,1,14,15,18,27,62,52
115x235,355030845000045,76,0,0,0,0,0,933.0,71,2,1,14,15,18,27,62,52
113x233,355030845000045,119,0,0,0,0,0,933.0,71,2,1,14,15,18,27,62,52
117x232,355030845000071,133,0,0,0,0,0,569.0,43,0,2,9,11,16,27,33,36
116x231,355030845000071,110,0,0,0,0,0,569.0,43,0,2,9,11,16,27,33,36
114x230,355030845000072,132,0,0,0,0,0,231.0,0,0,2,5,7,5,6,18,40
113x230,355030845000072,141,0,0,0,0,0,231.0,0,0,2,5,7,5,6,18,40
112x228,355030845000072,164,0,0,0,0,0,231.0,0,0,2,5,7,5,6,18,40
114x230,355030845000073,132,0,0,0,0,0,463.0,0,0,2,2,14,10,16,31,40
113x230,355030845000073,141,0,0,0,0,0,463.0,0,0,2,2,14,10,16,31,40
118x230,355030832000036,54,0,0,0,0,0,845.0,5,0,1,4,11,12,21,81,150
119x230,355030832000036,50,0,0,0,0,0,845.0,5,0,1,4,11,12,21,81,150
120x229,355030832000036,47,0,0,0,0,0,845.0,5,0,1,4,11,12,21,81,150
120x232,355030832000035,114,0,0,0,0,0,808.0,0,0,1,3,16,24,62,97,94
123x233,355030832000035,957,0,0,0,0,0,808.0,0,0,1,3,16,24,62,97,94
116x235,355030845000070,600,0,0,0,0,0,749.0,0,0,1,13,19,25,36,73,99
115x235,355030845000070,76,0,0,0,0,0,749.0,0,0,1,13,19,25,36,73,99
114x225,355030832000032,214,0,0,0,0,0,452.0,0,0,0,1,6,4,8,45,95
123x226,355030890000150,90,0,0,0,0,0,537.0,0,0,2,5,13,13,38,57,71
123x226,355030890000152,90,0,0,0,0,0,658.0,0,0,5,15,31,22,43,76,44
101x227,355030854000009,37,0,0,0,0,0,237.0,0,0,2,9,10,7,11,12,22
99x227,355030854000009,66,0,0,0,0,0,237.0,0,0,2,9,10,7,11,12,22
95x235,355030854000029,70,0,0,0,0,0,207.0,0,0,0,0,6,4,2,10,46
98x225,355030854000131,70,0,0,0,0,0,285.0,0,1,4,6,4,4,21,37,6
102x227,355030862000169,37,0,0,0,0,0,274.0,0,0,1,2,10,6,18,20,47
95x235,355030862000104,70,0,0,0,0,0,359.0,0,0,3,11,25,18,31,44,21
98x236,355030862000104,304,0,0,0,0,0,359.0,0,0,3,11,25,18,31,44,21
100x231,355030862000163,440,0,0,0,0,0,309.0,0,0,0,1,6,4,15,33,41
100x231,355030862000122,440,0,0,0,0,0,595.0,0,0,2,9,14,12,27,58,100
95x235,355030812000130,70,0,0,0,0,0,377.0,0,1,3,8,19,21,43,44,15
94x237,355030812000130,78,0,0,0,0,0,377.0,0,1,3,8,19,21,43,44,15
94x236,355030812000130,111,0,0,0,0,0,377.0,0,1,3,8,19,21,43,44,15
95x235,355030862000071,70,0,0,0,0,0,528.0,1,2,2,27,53,39,36,29,7
94x236,355030862000071,111,0,0,0,0,0,528.0,1,2,2,27,53,39,36,29,7
112x238,355030845000027,221,0,0,0,0,0,254.0,0,0,0,1,4,4,20,31,51
108x238,355030862000065,123,0,0,0,0,0,355.0,1,0,2,4,12,9,30,41,32
107x238,355030862000065,163,0,0,0,0,0,355.0,1,0,2,4,12,9,30,41,32
106x237,355030862000065,223,0,0,0,0,0,355.0,1,0,2,4,12,9,30,41,32
108x238,355030845000076,123,0,0,0,0,0,309.0,0,0,0,4,15,10,26,30,30
108x238,355030862000094,123,0,0,0,0,0,240.0,0,0,1,11,9,15,20,24,34
106x240,355030862000094,765,0,0,0,0,0,240.0,0,0,1,11,9,15,20,24,34
107x240,355030862000094,662,0,0,0,0,0,240.0,0,0,1,11,9,15,20,24,34
107x238,355030862000095,163,0,0,0,0,0,341.0,0,1,1,1,6,4,7,27,35
106x237,355030862000095,223,0,0,0,0,0,341.0,0,1,1,1,6,4,7,27,35
112x238,355030845000011,221,0,0,0,0,0,572.0,0,0,2,9,11,14,23,51,105
113x238,355030845000011,268,0,0,0,0,0,572.0,0,0,2,9,11,14,23,51,105
107x238,355030862000159,163,0,0,0,0,0,333.0,0,0,0,9,10,10,9,34,53
106x237,355030862000159,223,0,0,0,0,0,333.0,0,0,0,9,10,10,9,34,53
104x236,355030862000066,203,0,0,0,0,0,651.0,1,0,3,10,14,11,30,69,78
107x238,355030862000064,163,0,0,0,0,0,352.0,0,0,1,12,21,24,33,38,22
106x237,355030862000064,223,0,0,0,0,0,352.0,0,0,1,12,21,24,33,38,22
106x240,355030862000061,765,0,0,0,0,0,438.0,0,1,4,13,24,16,21,43,37
106x240,355030862000062,765,0,0,0,0,0,407.0,1,0,0,12,21,12,19,60,68
104x236,355030862000038,203,0,0,0,0,0,149.0,0,1,1,8,12,10,8,12,7
106x240,355030862000059,765,0,0,0,0,0,324.0,0,0,0,2,14,5,18,50,87
107x240,355030862000059,662,0,0,0,0,0,324.0,0,0,0,2,14,5,18,50,87
106x240,355030862000060,765,0,0,0,0,0,300.0,0,0,0,4,5,13,32,38,43
107x240,355030862000060,662,0,0,0,0,0,300.0,0,0,0,4,5,13,32,38,43
107x240,355030845000077,662,0,0,0,0,0,498.0,0,0,1,7,11,27,33,104,40
108x240,355030845000077,701,0,0,0,0,0,498.0,0,0,1,7,11,27,33,104,40
108x240,355030845000078,701,0,0,0,0,0,411.0,0,0,0,5,13,14,26,55,60
108x240,355030845000079,701,0,0,0,0,0,538.0,0,0,1,8,18,13,22,47,70
103x239,355030862000137,760,0,0,0,0,0,349.0,0,0,1,8,9,16,34,55,30
109x245,355030826000019,262,0,0,0,0,0,895.0,4,0,2,6,9,15,37,85,102
109x246,355030826000019,126,0,0,0,0,0,895.0,4,0,2,6,9,15,37,85,102
109x245,355030845000153,262,0,0,0,0,0,360.0,0,0,1,6,9,15,14,50,74
109x246,355030845000153,126,0,0,0,0,0,360.0,0,0,1,6,9,15,14,50,74
109x245,355030845000168,262,0,0,0,0,0,85.0,0,0,2,1,7,2,8,9,11
109x246,355030845000168,126,0,0,0,0,0,85.0,0,0,2,1,7,2,8,9,11
109x245,355030860000054,262,0,0,0,0,0,692.0,0,7,11,23,39,26,32,63,40
109x246,355030860000054,126,0,0,0,0,0,692.0,0,7,11,23,39,26,32,63,40
109x247,355030860000054,141,0,0,0,0,0,692.0,0,7,11,23,39,26,32,63,40
109x248,355030860000054,141,0,0,0,0,0,692.0,0,7,11,23,39,26,32,63,40
108x248,355030860000054,135,0,0,0,0,0,692.0,0,7,11,23,39,26,32,63,40
114x242,355030845000171,452,0,0,0,0,0,301.0,0,0,2,5,17,19,25,60,27
110x243,355030845000171,951,0,0,0,0,0,301.0,0,0,2,5,17,19,25,60,27
112x243,355030845000171,56,0,0,0,0,0,301.0,0,0,2,5,17,19,25,60,27
111x244,355030845000171,60,0,0,0,0,0,301.0,0,0,2,5,17,19,25,60,27
110x243,355030845000213,951,0,0,0,0,0,597.0,0,1,4,18,28,21,63,96,114
110x243,355030845000214,951,0,0,0,0,0,371.0,0,0,0,1,16,10,21,75,67
109x247,355030860000055,141,0,0,0,0,0,756.0,0,0,3,7,20,8,35,59,94
108x248,355030860000055,135,0,0,0,0,0,756.0,0,0,3,7,20,8,35,59,94
107x247,355030860000055,165,0,0,0,0,0,756.0,0,0,3,7,20,8,35,59,94
107x247,355030862000088,165,0,0,0,0,0,451.0,0,2,1,6,22,16,38,57,40
110x243,355030845000148,951,0,0,0,0,0,426.0,0,0,0,5,7,15,34,64,86
110x243,355030845000149,951,0,0,0,0,0,192.0,0,1,0,4,6,8,20,38,35
106x244,355030862000089,866,0,0,0,0,0,486.0,0,1,2,6,19,18,35,66,48
106x244,355030862000158,866,0,0,0,0,0,281.0,0,0,3,6,14,22,31,37,14
109x248,355030860000017,141,0,0,0,0,0,477.0,1,0,1,9,16,28,40,53,22
108x248,355030860000017,135,0,0,0,0,0,477.0,1,0,1,9,16,28,40,53,22
108x248,355030860000033,135,0,0,0,0,0,473.0,0,0,0,1,10,14,42,96,44
102x235,355030862000099,132,0,0,0,0,0,500.0,0,0,1,2,11,10,18,54,53
103x232,355030862000100,115,0,0,0,0,0,471.0,0,0,2,2,4,6,15,39,72
103x233,355030862000100,118,0,0,0,0,0,471.0,0,0,2,2,4,6,15,39,72
103x232,355030862000162,115,0,0,0,0,0,229.0,0,0,0,2,8,3,9,18,47
102x235,355030862000068,132,0,0,0,0,0,323.0,0,0,0,8,9,6,26,51,30
112x228,355030832000066,164,0,0,0,0,0,630.0,5,0,0,5,17,27,42,58,83
114x225,355030832000066,214,0,0,0,0,0,630.0,5,0,0,5,17,27,42,58,83
114x226,355030832000066,178,0,0,0,0,0,630.0,5,0,0,5,17,27,42,58,83
112x228,355030835000085,164,0,0,0,0,0,526.0,0,0,2,8,26,28,34,50,106
113x233,355030845000074,119,0,0,0,0,0,543.0,0,0,1,9,12,8,18,37,68
118x245,355030826000014,111,0,0,0,0,0,312.0,0,0,4,10,24,20,29,32,13
118x244,355030826000014,972,0,0,0,0,0,312.0,0,0,4,10,24,20,29,32,13
117x245,355030826000014,501,0,0,0,0,0,312.0,0,0,4,10,24,20,29,32,13
118x245,355030826000035,111,0,0,0,0,0,364.0,1,1,1,6,23,19,28,74,48
118x244,355030826000035,972,0,0,0,0,0,364.0,1,1,1,6,23,19,28,74,48
118x245,355030826000036,111,0,0,0,0,0,565.0,0,0,2,15,36,34,39,86,63
118x244,355030826000036,972,0,0,0,0,0,565.0,0,0,2,15,36,34,39,86,63
117x244,355030826000036,457,0,0,0,0,0,565.0,0,0,2,15,36,34,39,86,63
118x244,355030826000070,972,0,0,0,0,0,393.0,0,0,0,1,13,20,24,43,57
117x245,355030826000017,501,0,0,0,0,0,607.0,2,0,1,2,13,13,40,70,108
118x245,355030826000005,111,0,0,0,0,0,397.0,0,0,0,2,16,13,25,49,49
118x244,355030826000015,972,0,0,0,0,0,539.0,3,0,0,14,38,36,63,75,35
117x245,355030826000015,501,0,0,0,0,0,539.0,3,0,0,14,38,36,63,75,35
117x244,355030826000015,457,0,0,0,0,0,539.0,3,0,0,14,38,36,63,75,35
118x244,355030826000037,972,0,0,0,0,0,455.0,0,0,0,7,16,12,29,55,56
117x244,355030826000037,457,0,0,0,0,0,455.0,0,0,0,7,16,12,29,55,56
118x244,355030826000144,972,0,0,0,0,0,426.0,0,0,1,3,16,13,33,59,44
117x245,355030826000016,501,0,0,0,0,0,513.0,0,1,1,3,14,33,36,69,52
117x244,355030826000016,457,0,0,0,0,0,513.0,0,1,1,3,14,33,36,69,52
124x235,355030890000199,1611,0,0,0,0,0,1395.0,0,0,2,8,17,24,52,162,202
124x235,355030890000200,1611,0,0,0,0,0,626.0,0,0,1,2,16,14,36,87,74
123x233,355030890000184,957,0,0,0,0,0,625.0,0,0,2,10,18,12,57,90,81
123x233,355030890000198,957,0,0,0,0,0,758.0,0,0,0,2,22,12,47,90,126
123x233,355030890000188,957,0,0,0,0,0,635.0,0,0,0,4,13,16,28,70,108
123x233,355030890000224,957,0,0,0,0,0,518.0,0,0,1,7,13,16,19,44,99
123x233,355030832000069,957,0,0,0,0,0,522.0,0,1,0,0,7,13,23,68,118
124x235,355030890000202,1611,0,0,0,0,0,232.0,0,0,0,0,7,6,22,28,37
124x235,355030890000209,1611,0,0,0,0,0,768.0,0,0,0,1,15,11,39,126,98
103x231,355030862000168,588,0,0,0,0,0,383.0,0,1,1,4,8,6,14,35,80
105x229,355030835000078,226,0,0,0,0,0,438.0,0,0,2,12,14,12,27,36,62
105x230,355030835000078,331,0,0,0,0,0,438.0,0,0,2,12,14,12,27,36,62
105x229,355030835000101,226,0,0,0,0,0,708.0,0,0,3,9,15,9,26,89,112
105x230,355030835000207,331,0,0,0,0,0,35.0,0,0,0,0,4,1,3,2,6
100x243,355030862000023,370,0,0,0,0,0,289.0,0,0,1,4,15,21,19,22,8
100x242,355030862000023,301,0,0,0,0,0,289.0,0,0,1,4,15,21,19,22,8
99x244,355030862000023,616,0,0,0,0,0,289.0,0,0,1,4,15,21,19,22,8
100x243,355030862000024,370,0,0,0,0,0,314.0,0,0,2,8,27,17,30,31,10
99x244,355030862000024,616,0,0,0,0,0,314.0,0,0,2,8,27,17,30,31,10
100x243,355030862000025,370,0,0,0,0,0,373.0,0,0,1,8,18,18,16,37,28
100x242,355030862000025,301,0,0,0,0,0,373.0,0,0,1,8,18,18,16,37,28
100x244,355030862000025,550,0,0,0,0,0,373.0,0,0,1,8,18,18,16,37,28
100x243,355030862000048,370,0,0,0,0,0,587.0,0,5,7,17,41,33,37,44,12
99x244,355030862000048,616,0,0,0,0,0,587.0,0,5,7,17,41,33,37,44,12
100x244,355030862000048,550,0,0,0,0,0,587.0,0,5,7,17,41,33,37,44,12
100x243,355030862000127,370,0,0,0,0,0,274.0,0,0,2,5,9,10,17,28,36
100x242,355030862000127,301,0,0,0,0,0,274.0,0,0,2,5,9,10,17,28,36
100x243,355030862000132,370,0,0,0,0,0,634.0,0,1,0,7,12,14,24,33,49
100x242,355030862000132,301,0,0,0,0,0,634.0,0,1,0,7,12,14,24,33,49
100x242,355030862000022,301,0,0,0,0,0,566.0,0,0,1,6,10,6,16,38,39
100x240,355030862000022,246,0,0,0,0,0,566.0,0,0,1,6,10,6,16,38,39
99x244,355030862000142,616,0,0,0,0,0,281.0,1,0,1,4,17,18,33,33,7
99x244,355030862000105,616,0,0,0,0,0,275.0,0,0,2,9,20,6,21,16,10
99x244,355030862000078,616,0,0,0,0,0,326.0,1,0,5,10,13,14,19,10,6
102x243,355030862000026,233,0,0,0,0,0,220.0,0,0,3,7,22,12,11,10,1
100x244,355030862000049,550,0,0,0,0,0,710.0,0,0,2,13,26,17,32,70,97
100x244,355030862000050,550,0,0,0,0,0,198.0,0,0,0,5,10,6,13,25,27
102x243,355030862000050,233,0,0,0,0,0,198.0,0,0,0,5,10,6,13,25,27
102x243,355030862000144,233,0,0,0,0,0,509.0,0,0,0,6,13,16,32,74,88
98x246,355030802000033,308,0,0,0,0,0,254.0,0,0,4,17,24,9,17,19,13
98x246,355030802000068,308,0,0,0,0,0,678.0,0,0,5,28,49,28,40,42,33
100x246,355030862000107,315,0,0,0,0,0,476.0,0,1,3,32,26,15,21,42,47
100x246,355030862000143,315,0,0,0,0,0,332.0,0,2,8,28,20,10,13,12,9
100x240,355030862000007,246,0,0,0,0,0,411.0,1,1,3,11,13,15,30,49,31
100x240,355030862000019,246,0,0,0,0,0,305.0,0,0,3,19,32,17,32,21,9
102x223,355030835000008,241,0,0,0,0,0,99.0,0,1,1,5,9,5,11,4,2
103x223,355030835000008,118,0,0,0,0,0,99.0,0,1,1,5,9,5,11,4,2
103x222,355030835000008,30,0,0,0,0,0,99.0,0,1,1,5,9,5,11,4,2
105x222,355030835000008,697,0,0,0,0,0,99.0,0,1,1,5,9,5,11,4,2
104x220,355030835000008,377,0,0,0,0,0,99.0,0,1,1,5,9,5,11,4,2
101x220,355030835000017,127,0,0,0,0,0,500.0,0,0,3,26,46,25,28,25,6
103x222,355030835000017,30,0,0,0,0,0,500.0,0,0,3,26,46,25,28,25,6
102x223,355030835000036,241,0,0,0,0,0,366.0,4,15,27,29,10,1,1,1,3
114x225,355030832000065,214,0,0,0,0,0,243.0,0,0,2,3,2,3,7,6,12
112x225,355030832000065,686,0,0,0,0,0,243.0,0,0,2,3,2,3,7,6,12
114x226,355030832000065,178,0,0,0,0,0,243.0,0,0,2,3,2,3,7,6,12
112x225,355030832000064,686,0,0,0,0,0,567.0,1,1,1,5,12,6,11,40,80
92x237,355030812000055,77,0,0,0,0,0,244.0,0,1,0,6,9,7,14,20,17
94x237,355030812000055,78,0,0,0,0,0,244.0,0,1,0,6,9,7,14,20,17
92x236,355030812000055,94,0,0,0,0,0,244.0,0,1,0,6,9,7,14,20,17
94x236,355030812000055,111,0,0,0,0,0,244.0,0,1,0,6,9,7,14,20,17
92x237,355030812000128,77,0,0,0,0,0,345.0,0,1,0,7,6,7,15,35,37
92x237,355030812000129,77,0,0,0,0,0,309.0,0,1,1,5,6,5,13,32,32
94x237,355030812000129,78,0,0,0,0,0,309.0,0,1,1,5,6,5,13,32,32
92x236,355030812000129,94,0,0,0,0,0,309.0,0,1,1,5,6,5,13,32,32
92x238,355030812000129,84,0,0,0,0,0,309.0,0,1,1,5,6,5,13,32,32
93x239,355030812000129,63,0,0,0,0,0,309.0,0,1,1,5,6,5,13,32,32
94x237,355030862000072,78,0,0,0,0,0,219.0,1,2,2,13,18,12,8,14,3
94x236,355030862000072,111,0,0,0,0,0,219.0,1,2,2,13,18,12,8,14,3
92x238,355030812000053,84,0,0,0,0,0,341.0,0,1,2,5,6,5,11,23,38
93x239,355030812000053,63,0,0,0,0,0,341.0,0,1,2,5,6,5,11,23,38
92x241,355030812000053,70,0,0,0,0,0,341.0,0,1,2,5,6,5,11,23,38
91x242,355030812000053,71,0,0,0,0,0,341.0,0,1,2,5,6,5,11,23,38
89x242,355030812000053,14,0,0,0,0,0,341.0,0,1,2,5,6,5,11,23,38
90x240,355030812000053,54,0,0,0,0,0,341.0,0,1,2,5,6,5,11,23,38
92x238,355030812000054,84,0,0,0,0,0,307.0,0,0,0,5,6,4,6,31,32
92x238,355030812000127,84,0,0,0,0,0,371.0,0,0,0,3,1,5,17,39,49
90x240,355030812000127,54,0,0,0,0,0,371.0,0,0,0,3,1,5,17,39,49
93x239,355030862000154,63,0,0,0,0,0,455.0,0,0,4,12,17,15,14,29,49
96x239,355030862000154,437,0,0,0,0,0,455.0,0,0,4,12,17,15,14,29,49
93x239,355030802000060,63,0,0,0,0,0,572.0,0,0,2,6,4,6,20,46,88
97x242,355030802000060,179,0,0,0,0,0,572.0,0,0,2,6,4,6,20,46,88
118x237,355030845000064,587,0,0,0,0,0,591.0,0,0,4,7,23,17,30,92,82
116x235,355030845000044,600,0,0,0,0,0,596.0,0,0,2,8,27,17,28,69,126
116x235,355030845000043,600,0,0,0,0,0,718.0,0,0,6,9,25,20,36,84,106
121x235,355030845000137,856,0,0,0,0,0,219.0,0,0,0,2,7,7,18,30,43
108x242,355030845000115,1560,0,0,0,0,0,609.0,0,0,2,5,17,18,44,94,98
108x242,355030845000116,1560,0,0,0,0,0,473.0,0,1,0,3,25,14,37,56,30
108x242,355030845000117,1560,0,0,0,0,0,538.0,0,0,1,4,18,20,42,84,76
108x242,355030845000118,1560,0,0,0,0,0,411.0,0,1,0,4,11,10,19,50,63
108x242,355030845000144,1560,0,0,0,0,0,311.0,0,0,0,5,7,10,26,42,30
108x242,355030845000145,1560,0,0,0,0,0,459.0,0,0,2,3,12,12,44,55,61
108x242,355030845000146,1560,0,0,0,0,0,382.0,0,0,0,7,12,18,16,49,39
108x242,355030845000177,1560,0,0,0,0,0,417.0,0,1,1,2,9,25,38,64,43
108x242,355030845000180,1560,0,0,0,0,0,226.0,0,0,1,3,8,4,14,29,63
108x242,355030845000189,1560,0,0,0,0,0,288.0,0,0,1,2,6,4,16,50,64
108x242,355030845000198,1560,0,0,0,0,0,543.0,0,0,1,1,7,7,21,68,94
108x242,355030845000211,1560,0,0,0,0,0,324.0,0,0,2,1,16,20,20,38,16
108x240,355030845000080,701,0,0,0,0,0,344.0,0,0,0,0,12,17,32,51,51
108x240,355030845000114,701,0,0,0,0,0,393.0,0,0,2,6,23,23,45,38,34
110x243,355030845000150,951,0,0,0,0,0,281.0,0,0,1,10,6,12,12,25,48
110x243,355030845000151,951,0,0,0,0,0,196.0,0,0,1,2,10,9,25,47,19
110x243,355030845000196,951,0,0,0,0,0,398.0,1,2,3,7,17,20,23,52,37
107x229,355030835000107,770,0,0,0,0,0,273.0,0,0,1,3,6,5,10,21,33
107x229,355030835000191,770,0,0,0,0,0,183.0,0,0,4,1,4,5,9,22,20
107x229,355030835000079,770,0,0,0,0,0,439.0,0,1,0,5,9,9,23,57,97
97x241,355030862000074,376,0,0,0,0,0,265.0,0,0,1,5,14,14,27,18,14
97x241,355030862000075,376,0,0,0,0,0,413.0,1,0,4,7,10,13,32,54,87
96x239,355030862000075,437,0,0,0,0,0,413.0,1,0,4,7,10,13,32,54,87
97x241,355030862000076,376,0,0,0,0,0,341.0,0,0,1,6,12,8,14,41,41
97x241,355030862000077,376,0,0,0,0,0,282.0,0,0,3,7,13,6,10,30,27
97x242,355030862000077,179,0,0,0,0,0,282.0,0,0,3,7,13,6,10,30,27
96x239,355030862000153,437,0,0,0,0,0,353.0,0,1,0,5,18,13,46,45,23
99x239,355030862000021,175,0,0,0,0,0,485.0,0,0,5,22,40,29,33,52,14
100x240,355030862000021,246,0,0,0,0,0,485.0,0,0,5,22,40,29,33,52,14
99x239,355030862000044,175,0,0,0,0,0,413.0,1,0,2,10,23,24,35,35,18
97x241,355030862000046,376,0,0,0,0,0,372.0,2,0,1,3,13,8,25,45,43
97x242,355030862000046,179,0,0,0,0,0,372.0,2,0,1,3,13,8,25,45,43
97x242,355030802000038,179,0,0,0,0,0,516.0,0,0,0,3,13,6,16,50,64
94x243,355030802000038,112,0,0,0,0,0,516.0,0,0,0,3,13,6,16,50,64
95x244,355030802000038,166,0,0,0,0,0,516.0,0,0,0,3,13,6,16,50,64
93x243,355030802000038,80,0,0,0,0,0,516.0,0,0,0,3,13,6,16,50,64
103x220,355030835000031,416,0,0,0,0,0,748.0,0,2,9,18,50,36,63,54,30
103x220,355030835000032,416,0,0,0,0,0,579.0,2,1,5,5,25,27,40,46,37
103x216,355030835000032,274,0,0,0,0,0,579.0,2,1,5,5,25,27,40,46,37
103x217,355030835000032,97,0,0,0,0,0,579.0,2,1,5,5,25,27,40,46,37
104x216,355030835000032,261,0,0,0,0,0,579.0,2,1,5,5,25,27,40,46,37
107x218,355030835000015,195,0,0,0,0,0,752.0,0,1,5,18,49,45,66,60,21
107x219,355030835000015,312,0,0,0,0,0,752.0,0,1,5,18,49,45,66,60,21
104x220,355030835000015,377,0,0,0,0,0,752.0,0,1,5,18,49,45,66,60,21
105x220,355030835000015,231,0,0,0,0,0,752.0,0,1,5,18,49,45,66,60,21
105x217,355030835000030,265,0,0,0,0,0,470.0,0,0,2,2,12,15,31,53,47
103x220,355030835000016,416,0,0,0,0,0,825.0,0,2,2,31,43,35,46,75,77
104x220,355030835000016,377,0,0,0,0,0,825.0,0,2,2,31,43,35,46,75,77
105x220,355030835000016,231,0,0,0,0,0,825.0,0,2,2,31,43,35,46,75,77
103x220,355030835000033,416,0,0,0,0,0,384.0,0,1,1,6,20,16,36,35,21
101x220,355030835000033,127,0,0,0,0,0,384.0,0,1,1,6,20,16,36,35,21
103x220,355030835000170,416,0,0,0,0,0,327.0,0,1,3,6,27,9,28,30,7
103x216,355030835000051,274,0,0,0,0,0,475.0,0,2,7,14,31,26,33,28,54
103x217,355030835000051,97,0,0,0,0,0,475.0,0,2,7,14,31,26,33,28,54
104x216,355030835000051,261,0,0,0,0,0,475.0,0,2,7,14,31,26,33,28,54
103x216,355030835000175,274,0,0,0,0,0,366.0,0,0,3,9,17,14,49,26,16
104x216,355030835000175,261,0,0,0,0,0,366.0,0,0,3,9,17,14,49,26,16
105x215,355030835000175,1601,0,0,0,0,0,366.0,0,0,3,9,17,14,49,26,16
103x216,355030835000052,274,0,0,0,0,0,606.0,0,1,5,21,40,26,51,53,50
103x217,355030835000052,97,0,0,0,0,0,606.0,0,1,5,21,40,26,51,53,50
104x216,355030835000050,261,0,0,0,0,0,585.0,0,0,2,7,14,18,32,60,66
105x215,355030835000050,1601,0,0,0,0,0,585.0,0,0,2,7,14,18,32,60,66
105x217,355030835000050,265,0,0,0,0,0,585.0,0,0,2,7,14,18,32,60,66
115x241,355030845000052,1224,0,0,0,0,0,600.0,0,0,0,3,4,10,21,82,155
114x242,355030845000087,452,0,0,0,0,0,467.0,0,0,0,3,7,7,28,76,87
97x218,355030854000099,81,0,0,0,0,0,140.0,0,0,4,8,11,7,2,5,5
97x218,355030854000104,81,0,0,0,0,0,380.0,0,0,0,2,3,1,3,25,16
98x220,355030854000104,35,0,0,0,0,0,380.0,0,0,0,2,3,1,3,25,16
97x221,355030854000104,104,0,0,0,0,0,380.0,0,0,0,2,3,1,3,25,16
97x218,355030835000057,81,0,0,0,0,0,1092.0,0,5,16,84,31,14,34,59,160
98x220,355030835000057,35,0,0,0,0,0,1092.0,0,5,16,84,31,14,34,59,160
99x220,355030835000057,108,0,0,0,0,0,1092.0,0,5,16,84,31,14,34,59,160
97x218,355030835000074,81,0,0,0,0,0,619.0,2,6,9,27,11,7,15,40,119
96x214,355030835000074,26,0,0,0,0,0,619.0,2,6,9,27,11,7,15,40,119
97x217,355030835000074,62,0,0,0,0,0,619.0,2,6,9,27,11,7,15,40,119
97x218,355030835000190,81,0,0,0,0,0,317.0,0,1,4,17,16,12,18,44,34
97x218,355030854000055,81,0,0,0,0,0,745.0,0,0,2,5,8,8,18,65,126
97x221,355030854000102,104,0,0,0,0,0,47.0,0,0,0,0,0,0,0,0,0
97x221,355030854000103,104,0,0,0,0,0,72.0,0,0,0,0,0,0,0,0,16
113x234,355030845000046,112,0,0,0,0,0,470.0,0,0,5,1,4,9,17,43,93
113x233,355030845000046,119,0,0,0,0,0,470.0,0,0,5,1,4,9,17,43,93
114x237,355030845000002,606,0,0,0,0,0,313.0,0,0,0,4,4,4,25,70,48
113x238,355030845000002,268,0,0,0,0,0,313.0,0,0,0,4,4,4,25,70,48
114x237,355030845000010,606,0,0,0,0,0,391.0,0,0,0,6,7,2,8,16,92
113x238,355030845000010,268,0,0,0,0,0,391.0,0,0,0,6,7,2,8,16,92
113x237,355030845000010,34,0,0,0,0,0,391.0,0,0,0,6,7,2,8,16,92
114x237,355030845000008,606,0,0,0,0,0,453.0,4,0,0,1,11,10,15,38,78
114x237,355030845000024,606,0,0,0,0,0,673.0,0,1,7,11,28,14,18,60,105
114x237,355030845000009,606,0,0,0,0,0,376.0,0,0,0,1,7,7,7,32,76
106x240,355030862000030,765,0,0,0,0,0,508.0,1,3,3,11,17,11,35,60,73
106x240,355030862000031,765,0,0,0,0,0,,0,0,0,0,0,0,0,0,0
106x240,355030862000057,765,0,0,0,0,0,176.0,0,0,0,3,4,8,4,22,23
106x240,355030862000058,765,0,0,0,0,0,342.0,0,0,2,10,19,19,41,55,43
106x240,355030862000093,765,0,0,0,0,0,359.0,2,1,4,5,21,20,35,56,30
107x240,355030862000093,662,0,0,0,0,0,359.0,2,1,4,5,21,20,35,56,30
106x240,355030862000146,765,0,0,0,0,0,238.0,0,0,1,6,17,28,23,36,8
107x240,355030862000147,662,0,0,0,0,0,271.0,0,1,0,2,5,7,14,37,37
104x242,355030862000010,95,0,0,0,0,0,178.0,0,0,5,9,16,7,6,12,0
109x224,355030835000045,879,0,0,0,0,0,397.0,0,0,0,3,8,8,15,60,99
112x225,355030832000100,686,0,0,0,0,0,537.0,1,0,0,3,4,10,16,74,147
112x225,355030832000101,686,0,0,0,0,0,590.0,1,0,0,9,18,42,54,61,73
112x225,355030832000103,686,0,0,0,0,0,436.0,3,0,1,5,5,10,15,39,96
112x225,355030832000102,686,0,0,0,0,0,338.0,0,0,1,6,20,16,17,35,25
83x250,355030802000061,119,0,0,0,0,0,609.0,0,1,6,17,14,7,17,45,76
115x220,355030832000001,594,0,0,0,0,0,653.0,0,0,0,2,15,13,28,68,103
115x220,355030832000020,594,0,0,0,0,0,654.0,0,0,0,3,6,11,53,110,79
116x219,355030832000020,634,0,0,0,0,0,654.0,0,0,0,3,6,11,53,110,79
116x219,355030832000018,634,0,0,0,0,0,364.0,2,0,0,5,9,20,28,52,80
115x220,355030832000007,594,0,0,0,0,0,393.0,0,0,0,3,21,14,22,48,30
115x220,355030832000167,594,0,0,0,0,0,274.0,0,0,0,6,11,8,14,39,39
115x220,355030832000021,594,0,0,0,0,0,507.0,0,1,0,3,9,12,35,60,86
116x219,355030832000021,634,0,0,0,0,0,507.0,0,1,0,3,9,12,35,60,86
115x220,355030832000022,594,0,0,0,0,0,628.0,6,0,0,8,18,14,37,92,98
87x243,355030802000041,21,0,0,0,0,0,470.0,0,0,0,0,2,6,19,60,71
88x243,355030802000040,150,0,0,0,0,0,229.0,0,0,1,1,8,4,10,21,29
89x243,355030802000040,116,0,0,0,0,0,229.0,0,0,1,1,8,4,10,21,29
90x244,355030802000040,75,0,0,0,0,0,229.0,0,0,1,1,8,4,10,21,29
87x243,355030802000073,21,0,0,0,0,0,454.0,0,0,1,2,7,1,13,32,71
89x242,355030802000073,14,0,0,0,0,0,454.0,0,0,1,2,7,1,13,32,71
88x243,355030802000073,150,0,0,0,0,0,454.0,0,0,1,2,7,1,13,32,71
89x243,355030802000073,116,0,0,0,0,0,454.0,0,0,1,2,7,1,13,32,71
88x242,355030802000073,17,0,0,0,0,0,454.0,0,0,1,2,7,1,13,32,71
87x243,355030812000038,21,0,0,0,0,0,35.0,0,0,0,0,1,3,5,8,0
89x242,355030812000038,14,0,0,0,0,0,35.0,0,0,0,0,1,3,5,8,0
90x240,355030812000038,54,0,0,0,0,0,35.0,0,0,0,0,1,3,5,8,0
88x243,355030812000038,150,0,0,0,0,0,35.0,0,0,0,0,1,3,5,8,0
89x243,355030812000038,116,0,0,0,0,0,35.0,0,0,0,0,1,3,5,8,0
88x242,355030812000038,17,0,0,0,0,0,35.0,0,0,0,0,1,3,5,8,0
102x214,355030835000069,293,0,0,0,0,0,520.0,0,0,2,12,24,21,45,43,38
102x214,355030835000071,293,0,0,0,0,0,588.0,0,1,2,13,20,14,28,73,63
101x215,355030835000071,537,0,0,0,0,0,588.0,0,1,2,13,20,14,28,73,63
102x214,355030835000097,293,0,0,0,0,0,522.0,0,2,7,15,32,29,37,38,8
102x213,355030835000097,300,0,0,0,0,0,522.0,0,2,7,15,32,29,37,38,8
102x214,355030835000098,293,0,0,0,0,0,656.0,0,0,7,21,37,24,54,62,27
101x215,355030835000098,537,0,0,0,0,0,656.0,0,0,7,21,37,24,54,62,27
102x213,355030835000098,300,0,0,0,0,0,656.0,0,0,7,21,37,24,54,62,27
102x214,355030835000099,293,0,0,0,0,0,363.0,0,0,5,9,14,14,18,34,29
101x215,355030835000099,537,0,0,0,0,0,363.0,0,0,5,9,14,14,18,34,29
105x215,355030835000094,1601,0,0,0,0,0,696.0,0,0,0,3,8,10,28,94,116
105x215,355030835000095,1601,0,0,0,0,0,303.0,0,1,1,4,4,6,21,47,37
105x215,355030835000068,1601,0,0,0,0,0,699.0,1,1,7,11,26,22,39,80,78
105x215,355030835000092,1601,0,0,0,0,0,647.0,0,0,2,4,12,12,43,62,64
105x215,355030835000093,1601,0,0,0,0,0,293.0,0,0,1,2,8,11,19,47,39
105x215,355030835000202,1601,0,0,0,0,0,350.0,0,0,5,4,9,15,24,53,67
124x231,355030890000168,345,0,0,0,0,0,666.0,0,0,2,8,9,15,29,63,78
123x233,355030890000177,957,0,0,0,0,0,551.0,0,0,3,6,16,26,46,80,62
124x231,355030890000179,345,0,0,0,0,0,547.0,0,0,1,3,13,9,26,59,102
121x235,355030832000068,856,0,0,0,0,0,338.0,0,0,0,5,13,9,32,50,40
124x231,355030890000169,345,0,0,0,0,0,369.0,0,0,1,5,14,25,28,43,39
128x233,355030890000169,483,0,0,0,0,0,369.0,0,0,1,5,14,25,28,43,39
124x231,355030890000156,345,0,0,0,0,0,526.0,0,0,1,7,15,28,40,77,39
124x231,355030890000159,345,0,0,0,0,0,399.0,0,0,1,9,28,25,28,43,37
109x230,355030835000123,881,0,0,0,0,0,616.0,0,0,2,9,15,8,46,91,114
109x230,355030835000177,881,0,0,0,0,0,286.0,0,0,1,6,3,5,12,27,58
109x230,355030835000122,881,0,0,0,0,0,316.0,0,0,0,2,7,8,15,53,66
109x230,355030835000132,881,0,0,0,0,0,353.0,0,0,0,4,8,12,18,58,85
109x231,355030835000132,1219,0,0,0,0,0,353.0,0,0,0,4,8,12,18,58,85
109x230,355030835000192,881,0,0,0,0,0,365.0,0,0,2,2,3,7,10,58,107
109x231,355030835000147,1219,0,0,0,0,0,616.0,11,4,1,10,8,13,26,56,67
109x231,355030835000149,1219,0,0,0,0,0,607.0,0,0,1,4,7,7,41,87,120
115x241,355030845000013,1224,0,0,0,0,0,550.0,0,0,1,6,11,11,32,50,75
116x219,355030832000140,634,0,0,0,0,0,648.0,0,1,0,0,9,12,45,70,99
128x233,355030890000160,483,0,0,0,0,0,387.0,0,0,1,12,22,21,52,66,40
128x233,355030890000161,483,0,0,0,0,0,1224.0,0,0,5,12,34,36,73,182,209
129x234,355030890000161,378,0,0,0,0,0,1224.0,0,0,5,12,34,36,73,182,209
127x234,355030890000170,514,0,0,0,0,0,365.0,0,0,4,9,11,17,38,39,23
128x233,355030890000183,483,0,0,0,0,0,582.0,0,0,2,8,21,20,52,87,66
127x234,355030890000183,514,0,0,0,0,0,582.0,0,0,2,8,21,20,52,87,66
121x243,355030807000123,1418,0,0,0,0,0,594.0,1,1,7,12,41,29,43,106,88
121x243,355030807000124,1418,0,0,0,0,0,606.0,0,1,2,25,44,25,49,103,40
121x243,355030807000143,1418,0,0,0,0,0,122.0,0,0,0,2,9,7,16,28,9
118x242,355030826000092,328,0,0,0,0,0,377.0,0,1,1,7,15,9,19,57,69
118x242,355030826000108,328,0,0,0,0,0,173.0,0,1,0,3,9,8,19,39,25
118x242,355030826000133,328,0,0,0,0,0,262.0,0,0,2,1,10,15,19,42,28
121x243,355030807000125,1418,0,0,0,0,0,382.0,0,0,1,8,22,22,44,59,32
121x243,355030807000126,1418,0,0,0,0,0,231.0,0,0,1,1,10,19,25,47,11
95x244,355030802000037,166,0,0,0,0,0,881.0,0,1,2,10,16,14,35,86,104
96x244,355030802000037,684,0,0,0,0,0,881.0,0,1,2,10,16,14,35,86,104
93x243,355030802000039,80,0,0,0,0,0,404.0,0,0,0,0,1,5,16,31,67
92x241,355030802000039,70,0,0,0,0,0,404.0,0,0,0,0,1,5,16,31,67
92x242,355030802000039,71,0,0,0,0,0,404.0,0,0,0,0,1,5,16,31,67
91x242,355030802000039,71,0,0,0,0,0,404.0,0,0,0,0,1,5,16,31,67
94x243,355030802000015,112,0,0,0,0,0,428.0,0,0,1,5,7,10,13,41,33
93x243,355030802000015,80,0,0,0,0,0,428.0,0,0,1,5,7,10,13,41,33
92x242,355030802000015,71,0,0,0,0,0,428.0,0,0,1,5,7,10,13,41,33
91x242,355030802000015,71,0,0,0,0,0,428.0,0,0,1,5,7,10,13,41,33
93x245,355030802000015,100,0,0,0,0,0,428.0,0,0,1,5,7,10,13,41,33
95x244,355030802000014,166,0,0,0,0,0,369.0,0,0,0,4,2,7,14,39,50
96x244,355030802000014,684,0,0,0,0,0,369.0,0,0,0,4,2,7,14,39,50
95x244,355030802000036,166,0,0,0,0,0,676.0,0,0,0,0,12,6,29,78,139
96x244,355030802000036,684,0,0,0,0,0,676.0,0,0,0,0,12,6,29,78,139
108x216,355030835000028,198,0,0,0,0,0,658.0,0,0,2,9,23,33,52,74,64
107x218,355030835000028,195,0,0,0,0,0,658.0,0,0,2,9,23,33,52,74,64
107x219,355030835000028,312,0,0,0,0,0,658.0,0,0,2,9,23,33,52,74,64
108x216,355030835000047,198,0,0,0,0,0,544.0,1,0,3,5,17,20,33,52,46
107x218,355030835000047,195,0,0,0,0,0,544.0,1,0,3,5,17,20,33,52,46
107x216,355030835000047,309,0,0,0,0,0,544.0,1,0,3,5,17,20,33,52,46
108x216,355030835000029,198,0,0,0,0,0,465.0,0,0,1,3,16,18,37,52,28
107x218,355030835000029,195,0,0,0,0,0,465.0,0,0,1,3,16,18,37,52,28
107x219,355030835000029,312,0,0,0,0,0,465.0,0,0,1,3,16,18,37,52,28
107x216,355030835000029,309,0,0,0,0,0,465.0,0,0,1,3,16,18,37,52,28
105x217,355030835000029,265,0,0,0,0,0,465.0,0,0,1,3,16,18,37,52,28
108x216,355030832000153,198,0,0,0,0,0,204.0,1,0,1,1,10,3,13,24,18
107x219,355030835000027,312,0,0,0,0,0,384.0,0,1,1,13,19,24,32,45,38
107x219,355030835000006,312,0,0,0,0,0,249.0,0,0,2,9,9,16,19,15,16
104x220,355030835000006,377,0,0,0,0,0,249.0,0,0,2,9,9,16,19,15,16
105x220,355030835000006,231,0,0,0,0,0,249.0,0,0,2,9,9,16,19,15,16
112x217,355030832000131,186,0,0,0,0,0,626.0,0,0,4,7,20,15,29,81,47
111x217,355030832000131,211,0,0,0,0,0,626.0,0,0,4,7,20,15,29,81,47
107x216,355030835000049,309,0,0,0,0,0,603.0,1,3,5,9,8,8,12,30,38
107x216,355030835000048,309,0,0,0,0,0,447.0,0,1,2,4,9,9,13,33,79
98x246,355030802000004,308,0,0,0,0,0,510.0,0,0,2,13,16,19,23,47,28
98x246,355030802000013,308,0,0,0,0,0,835.0,0,0,2,11,18,17,30,78,143
103x239,355030862000016,760,0,0,0,0,0,616.0,0,1,4,13,29,31,57,86,53
103x239,355030862000130,760,0,0,0,0,0,329.0,0,0,1,4,11,10,12,48,47
96x214,355030835000119,26,0,0,0,0,0,577.0,0,3,12,33,43,30,41,37,9
102x213,355030835000118,300,0,0,0,0,0,1010.0,0,2,27,55,59,34,48,53,22
103x239,355030862000017,760,0,0,0,0,0,346.0,0,0,0,10,11,15,25,47,38
99x239,355030862000020,175,0,0,0,0,0,288.0,0,4,1,9,16,13,21,19,7
100x240,355030862000020,246,0,0,0,0,0,288.0,0,4,1,9,16,13,21,19,7
98x236,355030862000070,304,0,0,0,0,0,516.0,0,0,2,14,35,27,47,35,29
98x236,355030862000139,304,0,0,0,0,0,322.0,0,0,2,12,33,15,16,57,35
98x236,355030862000069,304,0,0,0,0,0,578.0,0,2,7,16,62,28,25,53,49
103x239,355030862000131,760,0,0,0,0,0,345.0,0,0,1,7,21,20,30,35,22
118x242,355030845000093,328,0,0,0,0,0,470.0,0,1,3,8,12,10,34,55,69
114x242,355030845000206,452,0,0,0,0,0,443.0,0,1,2,10,18,15,31,63,74
107x247,355030860000080,165,0,0,0,0,0,534.0,0,1,0,4,10,21,34,72,69
106x244,355030862000090,866,0,0,0,0,0,642.0,2,1,4,8,12,17,24,85,78
106x244,355030862000157,866,0,0,0,0,0,336.0,0,1,0,7,11,13,14,28,24
89x250,355030802000006,119,0,0,0,0,0,645.0,0,1,2,3,17,14,27,53,49
92x247,355030802000001,151,0,0,0,0,0,519.0,0,0,1,3,9,6,19,57,62
114x242,355030845000173,452,0,0,0,0,0,279.0,0,0,0,1,3,8,18,45,49
115x241,355030845000173,1224,0,0,0,0,0,279.0,0,0,0,1,3,8,18,45,49
114x242,355030845000088,452,0,0,0,0,0,326.0,0,0,3,4,6,10,16,47,56
114x242,355030845000125,452,0,0,0,0,0,31.0,0,0,0,2,2,1,3,3,5
110x243,355030845000125,951,0,0,0,0,0,31.0,0,0,0,2,2,1,3,3,5
112x243,355030845000125,56,0,0,0,0,0,31.0,0,0,0,2,2,1,3,3,5
111x244,355030845000125,60,0,0,0,0,0,31.0,0,0,0,2,2,1,3,3,5
110x243,355030845000152,951,0,0,0,0,0,496.0,0,0,0,11,16,23,55,93,55
110x243,355030845000178,951,0,0,0,0,0,352.0,0,0,1,2,9,7,46,85,20
99x220,355030835000056,108,0,0,0,0,0,135.0,0,1,4,9,7,2,5,10,19
101x215,355030835000206,537,0,0,0,0,0,388.0,0,0,2,7,10,8,14,45,49
104x242,355030862000028,95,0,0,0,0,0,423.0,0,0,8,16,42,17,35,16,11
103x243,355030862000028,239,0,0,0,0,0,423.0,0,0,8,16,42,17,35,16,11
104x243,355030862000028,399,0,0,0,0,0,423.0,0,0,8,16,42,17,35,16,11
104x243,355030862000055,399,0,0,0,0,0,504.0,0,0,3,6,8,13,39,78,52
106x244,355030862000091,866,0,0,0,0,0,420.0,0,0,2,18,8,11,27,60,56
103x239,355030862000003,760,0,0,0,0,0,236.0,0,0,2,5,13,13,28,23,21
103x239,355030862000005,760,0,0,0,0,0,394.0,2,0,6,18,22,22,27,30,18
103x239,355030862000125,760,0,0,0,0,0,249.0,0,0,0,6,16,8,20,42,47
104x242,355030862000027,95,0,0,0,0,0,246.0,0,2,4,12,22,12,13,15,4
103x243,355030862000027,239,0,0,0,0,0,246.0,0,2,4,12,22,12,13,15,4
102x243,355030862000027,233,0,0,0,0,0,246.0,0,2,4,12,22,12,13,15,4
103x244,355030862000027,294,0,0,0,0,0,246.0,0,2,4,12,22,12,13,15,4
103x243,355030862000053,239,0,0,0,0,0,557.0,0,1,5,11,19,16,15,26,21
102x243,355030862000053,233,0,0,0,0,0,557.0,0,1,5,11,19,16,15,26,21
103x244,355030862000053,294,0,0,0,0,0,557.0,0,1,5,11,19,16,15,26,21
103x243,355030862000054,239,0,0,0,0,0,224.0,1,0,3,5,14,5,10,28,36
104x243,355030862000054,399,0,0,0,0,0,224.0,1,0,3,5,14,5,10,28,36
103x244,355030862000054,294,0,0,0,0,0,224.0,1,0,3,5,14,5,10,28,36
106x244,355030862000087,866,0,0,0,0,0,311.0,0,0,2,2,5,6,18,23,33
104x243,355030862000172,399,0,0,0,0,0,406.0,0,1,0,1,6,12,29,55,56
105x222,355030835000162,697,0,0,0,0,0,479.0,0,0,5,10,17,19,25,71,94
104x220,355030835000163,377,0,0,0,0,0,262.0,0,0,1,1,2,14,27,52,46
110x232,355030835000144,383,0,0,0,0,0,573.0,0,0,1,2,4,14,35,78,99
110x232,355030835000143,383,0,0,0,0,0,706.0,0,0,1,7,2,9,36,86,145
121x235,355030890000211,856,0,0,0,0,0,729.0,0,0,3,5,27,17,67,111,71
121x235,355030845000135,856,0,0,0,0,0,449.0,0,0,0,4,10,18,31,61,72
121x235,355030845000136,856,0,0,0,0,0,259.0,0,0,0,1,4,4,26,42,39
121x235,355030845000164,856,0,0,0,0,0,361.0,0,0,1,6,16,23,43,66,52
121x235,355030845000165,856,0,0,0,0,0,359.0,1,0,2,2,5,7,30,44,69
121x235,355030845000176,856,0,0,0,0,0,314.0,0,0,2,3,9,8,16,43,48
121x235,355030845000179,856,0,0,0,0,0,214.0,0,1,2,2,6,5,15,54,59
121x235,355030845000209,856,0,0,0,0,0,167.0,0,0,1,6,7,2,9,18,41
129x234,355030849000101,378,0,0,0,0,0,360.0,0,0,5,21,24,14,22,31,3
129x234,355030890000171,378,0,0,0,0,0,401.0,1,0,3,15,29,16,19,30,15
122x221,355030832000013,32,0,0,0,0,0,486.0,0,0,0,3,5,10,12,69,68
122x221,355030877000175,32,0,0,0,0,0,395.0,0,1,9,16,21,18,30,31,27
122x221,355030890000166,32,0,0,0,0,0,272.0,0,1,2,8,15,9,27,34,29
118x237,355030845000040,587,0,0,0,0,0,198.0,0,0,1,3,15,6,18,31,34
118x237,355030845000172,587,0,0,0,0,0,401.0,0,1,5,6,9,7,16,46,47
118x237,355030845000183,587,0,0,0,0,0,378.0,0,0,0,3,6,12,39,57,51
118x237,355030845000039,587,0,0,0,0,0,577.0,0,1,2,5,11,14,30,67,90
107x229,355030835000080,770,0,0,0,0,0,357.0,0,0,1,3,2,5,32,52,84
107x229,355030835000081,770,0,0,0,0,0,329.0,0,0,0,3,8,20,26,54,92
107x229,355030835000194,770,0,0,0,0,0,,0,0,0,0,0,0,0,0,0
115x241,355030845000032,1224,0,0,0,0,0,668.0,0,0,1,0,17,18,28,88,129
115x241,355030845000054,1224,0,0,0,0,0,415.0,2,0,1,8,7,9,28,56,63
124x228,355030890000129,194,0,0,0,0,0,422.0,0,0,0,2,13,12,26,50,50
124x228,355030890000131,194,0,0,0,0,0,82.0,0,0,0,2,5,2,8,6,2
105x220,355030835000161,231,0,0,0,0,0,418.0,0,0,2,1,8,26,37,49,20
118x237,355030845000204,587,0,0,0,0,0,209.0,0,0,1,1,6,15,15,32,38
115x241,355030845000033,1224,0,0,0,0,0,586.0,0,0,0,1,12,11,43,71,96
115x241,355030845000034,1224,0,0,0,0,0,555.0,0,0,3,4,19,16,46,80,69
100x246,355030862000106,315,0,0,0,0,0,528.0,1,0,2,3,15,16,29,78,63
100x246,355030862000164,315,0,0,0,0,0,243.0,0,0,1,3,13,4,17,50,27
100x246,355030862000108,315,0,0,0,0,0,426.0,0,0,0,6,14,17,32,64,46
100x246,355030862000165,315,0,0,0,0,0,175.0,0,0,2,0,14,8,8,17,9
112x217,355030832000116,186,0,0,0,0,0,498.0,0,1,1,7,11,20,55,74,69
111x217,355030832000116,211,0,0,0,0,0,498.0,0,1,1,7,11,20,55,74,69
112x217,355030832000117,186,0,0,0,0,0,266.0,0,0,0,3,5,5,19,34,33
111x217,355030832000117,211,0,0,0,0,0,266.0,0,0,0,3,5,5,19,34,33
112x217,355030832000176,186,0,0,0,0,0,245.0,0,0,0,2,6,7,19,39,30
111x217,355030832000155,211,0,0,0,0,0,413.0,0,1,3,5,19,14,31,35,16
111x217,355030832000130,211,0,0,0,0,0,611.0,0,0,3,5,21,22,45,61,40
102x243,355030862000051,233,0,0,0,0,0,748.0,0,1,6,16,23,21,28,84,106
103x244,355030862000052,294,0,0,0,0,0,157.0,0,0,0,6,9,15,13,12,7
